id,last_name,first_name,team,position,opponent,minutes,points,threes,rebounds,assists,steals,blocks,turnovers,twos,free throws,free_throws_missed,field goals,field_goals_missed,double doubles,triple doubles,price_fanduel,price_yahoo,price_draftkings,price_draftday,price_starstreet,price_fantasyfeud,price_fanthrowdown,price_starfantasyleagues,price_fantasyaces,positions_fanduel,positions_yahoo,positions_draftkings,positions_draftday,positions_starstreet,positions_fantasyfeud,positions_fanthrowdown,positions_starfantasyleagues,positions_fantasyaces
3640,Davis,Anthony,NOR,PF,POR,39.00,29.61,0.41,11.86,2.15,1.22,3.76,1.80,10.44,7.50,2.11,10.85,9.47,0.65,0.01,10400,57,10300,18950,0,162200,0,18800,7400,PF,PF,PF,PF;C,,,,F,F
2872,Westbrook,Russell,OKC,PG,@ LAL,36.00,25.72,1.78,8.82,10.76,2.49,0.26,4.69,7.06,6.25,1.21,8.84,10.61,0.58,0.22,10400,57,10400,20000,0,166700,0,20700,7400,PG,PG,PG,PG,,,,G,G
2999,Curry,Stephen,GSW,PG,UTA,35.00,32.89,5.38,5.24,5.83,2.20,0.24,3.32,5.53,5.69,0.55,10.91,9.48,0.07,0.00,10900,59,10700,21300,0,166900,0,21300,7450,PG,PG,PG,PG;SG,,,,G,G
2011,James,LeBron,CLE,SF,NYK,37.00,25.21,1.10,7.80,6.61,1.50,0.93,2.64,8.29,5.32,2.20,9.39,9.94,0.31,0.03,10400,52,10100,19700,0,169900,0,20200,7550,SF,SF,SF,SF;PF,,,,F,F
3153,Cousins,DeMarcus,SAC,C,@ IND,35.00,24.81,0.93,12.57,2.69,1.27,1.67,3.53,7.37,7.28,2.26,8.30,10.66,0.76,0.01,9900,51,10000,19000,0,160400,0,19000,7350,C,C,PF,PF;C,,C,,C,C
3166,Wall,John,WAS,PG,MEM,38.00,23.27,1.72,4.59,10.67,1.71,0.66,4.76,6.68,4.75,1.20,8.40,10.39,0.58,0.02,10000,48,9700,18050,0,150800,0,18500,6200,PG,PG,PG,PG,,,,G,G
3001,Harden,James,HOU,SG,@ ORL,35.00,28.69,3.21,5.05,6.30,1.90,0.65,4.70,4.88,9.31,1.35,8.09,9.43,0.11,0.01,10600,56,10600,19900,0,160800,0,20200,7600,SG,SG,SG,SG;SF,,,,G,G
2718,Durant,Kevin,OKC,SF,@ LAL,37.00,26.46,2.48,7.65,4.94,1.03,0.75,3.05,6.29,6.44,0.91,8.77,8.71,0.31,0.01,10000,52,10200,18450,0,153800,0,19400,7250,SF,SF,SF,SF;PF,,,,F,F
3111,George,Paul,IND,SF,SAC,35.00,25.44,2.94,8.08,4.76,2.15,0.27,3.83,5.04,6.54,1.13,7.98,11.06,0.38,0.01,9100,47,8900,15900,0,132100,0,16500,6400,SF,PF,SF,SF;PF,,,,F,F
3464,Drummond,Andre,DET,C,@ ATL,35.00,17.58,0.00,17.20,0.90,1.47,1.25,2.45,7.68,2.22,3.42,7.68,6.08,0.92,0.00,9600,46,9400,18000,0,161600,0,19300,6800,C,C,C,PF;C,,C,,C,C
3114,Bledsoe,Eric,PHO,SG,DEN,36.00,24.11,1.76,4.71,7.19,1.43,1.04,3.25,6.62,5.58,1.51,8.38,9.60,0.31,0.01,8200,44,8300,15150,0,141400,0,16600,5800,SG,PG,SG,PG;SG,,,,G,G
3404,Vucevic,Nikola,ORL,C,HOU,33.00,19.53,0.00,10.41,2.61,0.79,1.07,1.99,8.94,1.65,0.55,8.94,7.12,0.58,0.01,7700,32,7300,14900,0,125700,0,15700,5700,C,C,C,PF;C,,C,,C,C
3132,Favors,Derrick,UTA,PF,@ GSW,35.00,19.55,0.00,8.93,2.19,1.38,1.34,1.71,7.93,3.68,1.68,7.93,6.83,0.38,0.00,7700,37,7600,13200,0,116100,0,14700,5350,PF,PF,PF,PF;C,,,,F,F
3377,Leonard,Kawhi,SAS,SF,@ MIN,32.00,18.85,1.63,7.31,2.56,2.00,0.81,1.17,5.38,3.21,0.60,7.01,7.48,0.31,0.00,8900,45,8400,16150,0,148200,0,18000,6100,SF,SF,SF,SG;SF,,,,F,F
3375,Knight,Brandon,PHO,PG,DEN,35.00,20.86,2.70,3.96,6.19,1.22,0.43,2.52,4.85,3.06,0.61,7.55,9.67,0.11,0.00,6900,37,7300,12450,0,103100,0,12800,5150,PG,SG,PG,PG;SG,,,,G,G
2621,Millsap,Paul,ATL,PF,DET,33.00,18.21,0.91,8.44,2.83,1.66,0.88,2.20,5.47,4.54,1.37,6.38,6.26,0.38,0.00,8100,40,7800,14850,0,130300,0,16400,5650,PF,PF,PF,PF;C,,,,F,F
3487,Green,Draymond,GSW,PF,UTA,35.00,13.68,1.29,7.96,5.18,1.75,1.35,1.95,3.54,2.74,1.20,4.82,5.94,0.25,0.02,9200,42,9000,17150,0,145000,0,18000,6550,PF,PF,PF,SF;PF,,,,F,F
3107,Monroe,Greg,MIL,C,PHI,30.00,16.07,0.00,9.73,2.92,1.42,0.91,1.65,6.55,2.97,1.09,6.55,5.84,0.45,0.00,7600,34,7100,14300,0,126000,0,15100,5400,C,C,C,PF;C,,C,,F,F
3397,Thomas,Isaiah,BOS,PG,@ CHA,35.00,21.66,3.07,3.02,7.13,0.82,0.04,2.71,4.30,3.85,0.54,7.37,10.63,0.31,0.01,8300,38,7700,14700,0,130700,0,15800,5750,PG,PG,PG,PG,,,,G,G
2846,Lopez,Brook,BKN,C,DAL,33.00,18.45,0.00,8.89,1.35,0.66,1.82,1.59,7.39,3.67,0.86,7.39,7.09,0.38,0.00,8100,31,6900,14050,0,116300,0,15300,5600,C,C,C,C,,C,,C,C
2633,Rondo,Rajon,SAC,PG,@ IND,37.00,11.08,0.77,7.02,10.65,1.70,0.07,4.52,3.93,0.89,0.75,4.71,6.03,0.38,0.12,8300,41,8500,15450,0,142800,0,17400,5900,PG,PG,PG,PG,,,,G,G
2436,Gortat,Marcin,WAS,C,MEM,36.00,14.19,0.00,11.39,1.84,1.08,1.60,2.12,5.97,2.25,0.96,5.97,5.34,0.55,0.00,7100,29,6700,13400,0,107600,0,14600,5100,C,C,C,C,,C,,C,C
3370,Jackson,Reggie,DET,PG,@ ATL,32.00,20.09,1.73,4.31,6.19,1.04,0.09,3.60,5.26,4.36,0.77,7.00,8.99,0.11,0.00,7800,36,7600,15850,0,138300,0,14700,5750,PG,PG,PG,PG;SG,,,,G,G
3000,Evans,Tyreke,NOR,PG,POR,34.00,14.79,0.95,4.98,7.21,1.56,0.48,2.48,4.58,2.79,1.01,5.53,6.90,0.26,0.01,7300,35,7700,14650,0,128500,0,14100,5600,PG,PG,SG,PG;SG,,,,F,G
2722,Gasol,Marc,MEM,C,@ WAS,35.00,15.82,0.00,7.45,4.57,0.63,1.36,2.70,6.08,3.66,0.90,6.08,5.93,0.27,0.01,7900,33,7500,14650,0,129700,0,14700,5750,C,C,C,C,,C,,C,C
3723,McCollum,CJ,POR,SG,@ NOR,39.00,21.35,2.99,3.82,3.81,1.32,0.26,2.00,5.00,2.38,0.60,7.99,9.65,0.02,0.00,7500,30,6900,13050,0,119400,0,13400,5250,SG,SG,SG,PG;SG,,,,G,G
2769,Young,Thaddeus,BKN,PF,DAL,33.00,16.11,0.18,9.09,2.11,1.47,0.33,1.78,7.13,1.31,0.76,7.31,6.34,0.45,0.00,7000,34,6800,12600,0,106900,0,14000,5300,PF,PF,PF,SF;PF,,,,F,F
2730,Horford,Al,ATL,C,DET,31.00,16.00,0.83,7.05,2.90,0.79,1.47,1.54,6.17,1.18,0.34,6.99,6.12,0.27,0.00,6600,29,6400,13000,0,111500,0,13400,5000,C,C,C,PF;C,,,,C,C
2003,Anthony,Carmelo,NYK,SF,@ CLE,34.00,19.35,1.34,6.39,3.14,0.76,0.51,2.49,5.44,4.45,0.89,6.78,9.72,0.11,0.00,8500,43,8200,16400,0,136000,0,15900,6500,SF,SF,SF,SF;PF,,,,F,F
2824,Gallinari,Danilo,DEN,SF,@ PHO,35.00,18.76,2.03,6.12,2.47,1.07,0.45,1.61,3.36,5.96,0.80,5.38,6.83,0.11,0.00,6700,30,6700,12150,0,107000,0,12300,4950,SF,SF,SF,SF,,,,F,F
2600,Gay,Rudy,SAC,SF,@ IND,36.00,18.78,1.27,6.49,2.51,1.28,0.59,2.84,6.00,2.97,0.54,7.27,8.62,0.11,0.00,7300,34,7100,13850,0,118100,0,14000,5600,SF,SF,SF,SF;PF,,,,F,F
2810,Batum,Nicolas,CHA,SF,BOS,34.00,17.06,1.90,7.11,3.86,0.94,0.44,3.02,4.06,3.24,0.52,5.96,8.16,0.30,0.01,6900,32,7400,13000,0,109900,0,13300,5250,SF,SG,SF,SG;SF,,,,F,F
3162,Hayward,Gordon,UTA,SF,@ GSW,36.00,17.84,1.47,5.19,3.99,1.37,0.39,2.47,4.58,4.27,0.96,6.05,7.94,0.07,0.00,7200,34,7200,13050,0,106400,0,13100,5000,SF,SF,SF,SG;SF,,,,F,F
3046,Rubio,Ricky,MIN,PG,SAS,31.00,9.63,0.40,4.76,9.70,1.61,0.03,2.09,2.54,3.36,0.74,2.94,5.97,0.24,0.01,7200,29,7000,14000,0,108900,0,14900,5400,PG,PG,PG,PG,,,,G,G
3405,Walker,Kemba,CHA,PG,BOS,35.00,17.05,1.03,3.85,4.95,1.25,0.84,2.25,4.58,4.78,0.95,5.62,10.18,0.03,0.00,7700,33,7200,13600,0,124100,0,14500,5400,PG,PG,PG,PG,,,,G,G
2848,Love,Kevin,CLE,PF,NYK,31.00,15.62,1.55,9.63,2.16,0.61,0.40,1.44,3.96,3.05,0.69,5.51,7.63,0.43,0.00,7800,41,7900,14650,0,120700,0,14700,5850,PF,PF,PF,PF;C,,,,F,F
5052,Towns,Karl-Anthony,MIN,C,SAS,28.00,14.49,0.13,8.62,0.94,0.87,2.07,2.11,5.70,2.70,0.44,5.83,6.32,0.32,0.00,7600,32,7100,13900,0,104300,0,15600,5700,C,C,C,C,,C,,C,C
3367,Harris,Tobias,ORL,SF,HOU,31.00,15.83,1.16,7.28,2.35,1.18,0.68,1.85,4.84,2.68,0.60,6.00,6.00,0.27,0.00,6400,28,6500,12600,0,99500,0,12700,4850,SF,SF,SF,SF;PF,,,,F,F
3701,Antetokounmpo,Giannis,MIL,SG,PHI,31.00,14.49,0.29,6.65,3.08,0.83,1.42,2.10,5.08,3.45,1.03,5.37,5.01,0.09,0.00,6800,30,6700,12950,0,114200,0,13100,4900,SG,SF,SF,SF;PF,,,,F,G
3944,Payton,Elfrid,ORL,PG,HOU,30.00,10.67,0.33,4.50,7.54,2.17,0.22,3.00,4.21,1.26,0.81,4.54,5.94,0.18,0.01,6500,27,6300,12100,0,106200,0,12100,4850,PG,PG,PG,PG,,,,G,G
2490,Williams,Deron,DAL,PG,@ BKN,32.00,14.37,1.73,3.23,6.44,1.44,0.27,2.18,3.42,2.34,0.38,5.15,6.63,0.09,0.00,6700,28,6300,12050,0,100800,0,11700,4750,PG,PG,PG,PG,,,,G,G
2711,Conley,Mike,MEM,PG,@ WAS,34.00,15.44,1.80,2.80,6.26,1.53,0.10,2.33,4.03,1.98,0.34,5.83,7.50,0.10,0.00,6400,27,6300,12650,0,113300,0,12200,5100,PG,PG,PG,PG,,,,G,G
3021,Teague,Jeff,ATL,PG,DET,29.00,15.60,0.85,2.66,6.74,0.94,0.35,2.58,4.89,3.27,0.51,5.74,6.69,0.10,0.00,6100,28,6000,11350,0,79600,0,11200,4750,PG,PG,PG,PG,,,,G,G
2446,Jack,Jarrett,BKN,PG,DAL,32.00,14.35,1.21,3.87,6.58,0.91,0.18,2.33,3.74,3.24,0.46,4.95,6.18,0.09,0.00,6500,28,6500,12750,0,115900,0,13300,5150,PG,PG,PG,PG;SG,,,,G,G
3436,Barton,Will,DEN,SG,@ PHO,31.00,15.56,1.59,6.10,2.16,1.60,0.51,1.80,3.93,2.93,0.59,5.52,6.37,0.10,0.00,6400,27,6800,12050,0,117400,0,12800,5400,SG,SF,SG,SG;SF,,,,G,G
3716,Carter-Williams,Michael,MIL,PG,PHI,30.00,11.76,0.18,4.57,6.29,1.54,0.74,3.07,4.43,2.34,0.87,4.62,5.64,0.07,0.00,6500,25,6400,12850,0,116600,0,12100,5250,PG,PG,PG,PG,,,,G,G
2293,Howard,Dwight,HOU,C,@ ORL,30.00,12.35,0.00,10.69,1.14,0.65,1.33,2.73,4.84,2.67,2.20,4.84,3.69,0.44,0.00,7400,31,7000,13300,0,118200,0,14100,5250,C,C,C,PF;C,,C,,C,C
3399,Thompson,Klay,GSW,SG,UTA,31.00,18.91,3.09,3.09,2.49,0.90,0.68,1.68,3.64,2.37,0.32,6.73,7.93,0.02,0.00,7200,28,7200,14800,0,116400,0,13400,5800,SG,SG,SG,SG;SF,,,,G,G
5037,Okafor,Jahlil,PHI,C,@ MIL,31.00,16.00,0.00,7.82,1.10,0.32,1.41,2.87,6.72,2.55,1.09,6.72,7.83,0.27,0.00,6400,30,6500,12200,0,109300,0,12200,5150,C,C,C,C,,C,,C,C
1831,Nowitzki,Dirk,DAL,PF,@ BKN,29.00,16.25,1.36,6.53,1.66,0.58,0.38,0.93,4.89,2.38,0.33,6.25,6.55,0.10,0.00,7000,31,6400,11750,0,108600,0,13000,4900,PF,PF,PF,PF;C,,,,F,F
2572,Aldridge,LaMarcus,SAS,PF,@ MIN,28.00,15.89,0.10,7.25,1.21,0.42,0.79,1.27,6.18,3.23,0.69,6.28,6.84,0.27,0.00,7300,32,6900,13150,0,116600,0,13800,5300,PF,PF,PF,PF;C,,,,F,F
2113,Bryant,Kobe,LAL,SG,OKC,30.00,17.23,1.69,3.95,3.82,1.15,0.15,2.79,3.93,4.32,0.92,5.61,11.02,0.02,0.00,6900,29,6400,12550,0,105900,0,11500,5000,SG,SF,SG,SG;SF,,,,G,G
3015,Ibaka,Serge,OKC,PF,@ LAL,32.00,12.95,0.55,7.32,1.14,0.40,2.17,1.42,5.01,1.27,0.31,5.57,5.22,0.24,0.00,6300,29,6500,11900,0,100000,0,12200,5100,PF,PF,PF,PF;C,,,,F,F
3605,Sullinger,Jared,BOS,PF,@ CHA,26.00,10.58,0.45,9.05,2.48,0.89,0.68,1.57,3.92,1.40,0.51,4.37,6.16,0.28,0.00,5900,24,5800,10700,0,90600,0,11900,4650,PF,C,C,PF;C,,,,F,F
3910,Clarkson,Jordan,LAL,PG,OKC,34.00,16.46,1.20,4.02,3.11,1.06,0.13,2.02,5.21,2.44,0.51,6.41,8.56,0.03,0.00,5600,23,5500,10000,0,82900,0,9700,4400,PG,SG,SG,PG;SG,,,,G,G
3360,Faried,Kenneth,DEN,PF,@ PHO,28.00,11.89,0.00,9.33,1.31,1.04,0.60,2.20,4.51,2.88,1.55,4.51,4.74,0.32,0.00,6500,26,6300,12000,0,105700,0,11900,5000,PF,PF,PF,PF;C,,,,F,F
2807,Anderson,Ryan,NOR,PF,POR,31.00,16.31,1.77,6.10,1.19,0.52,0.48,1.35,3.85,3.30,0.50,5.62,7.85,0.10,0.00,6000,27,5900,10750,0,94000,0,11000,4800,PF,PF,PF,PF;C,,,,F,F
2491,Williams,Lou,LAL,SG,OKC,32.00,16.81,1.79,3.00,2.66,1.38,0.14,1.45,2.90,5.63,1.00,4.70,6.94,0.01,0.00,5300,18,5400,10250,0,87900,0,9900,4350,SG,PG,PG,PG;SG,,,,G,G
3551,Middleton,Khris,MIL,SF,PHI,32.00,14.22,1.49,4.07,3.16,1.37,0.14,1.22,3.45,2.85,0.40,4.94,6.25,0.03,0.00,6200,24,5900,11500,0,104100,0,11200,4700,SF,SG,SG,SG;SF,,,,G,F
2836,Hill,George,IND,PG,SAC,34.00,13.19,1.73,3.93,3.99,1.41,0.23,1.63,3.14,1.73,0.46,4.87,5.96,0.02,0.00,5400,22,5200,9800,0,80300,0,9300,4350,PG,PG,PG,PG;SG,,,,G,G
2426,Ellis,Monta,IND,SG,SAC,32.00,13.46,0.81,2.88,4.37,1.91,0.32,2.90,4.60,1.84,0.63,5.41,7.36,0.02,0.00,5700,25,5500,10600,0,88400,0,10500,4700,SG,SG,SG,PG;SG,,,,G,G
3218,Lin,Jeremy,CHA,PG,BOS,29.00,14.09,0.87,3.45,3.73,1.00,0.72,2.42,3.56,4.36,1.04,4.43,6.55,0.02,0.00,5200,15,5400,9700,0,92300,0,10000,4450,PG,PG,PG,PG;SG,,,,G,G
3387,Morris,Marcus,DET,SF,@ ATL,35.00,13.22,1.13,5.99,2.34,1.13,0.18,1.71,3.94,1.95,0.77,5.07,7.14,0.06,0.00,5800,25,5600,10100,0,90100,0,10300,4450,SF,SF,SF,SF;PF,,,,F,F
3675,Plumlee,Mason,POR,C,@ NOR,27.00,10.28,0.00,8.04,2.25,0.83,0.83,1.84,3.84,2.59,2.09,3.84,3.19,0.22,0.00,5300,21,5200,11450,0,89700,0,11100,4500,C,C,C,PF;C,,,,C,C
3104,Bradley,Avery,BOS,SG,@ CHA,34.00,16.60,2.67,2.66,2.39,1.25,0.19,1.46,3.75,1.08,0.29,6.42,8.44,0.01,0.00,5200,26,5400,9550,0,79300,0,9100,4300,SG,SG,SG,PG;SG,,,,G,G
3018,Casspi,Omri,SAC,SF,@ IND,35.00,13.79,1.83,7.14,1.86,0.86,0.20,2.50,3.11,2.06,0.97,4.94,5.43,0.25,0.00,5100,24,5900,10050,0,93200,0,10600,4250,SF,PF,SF,SF;PF,,,,F,F
3714,Oladipo,Victor,ORL,SG,HOU,26.00,12.97,0.96,4.37,3.23,1.37,0.49,2.01,3.82,2.46,0.53,4.77,6.55,0.02,0.00,6300,28,6100,11800,0,87400,0,11000,4700,SG,SG,SG,PG;SG,,,,G,G
5043,Porzingis,Kristaps,NYK,PF,@ CLE,28.00,12.25,0.84,7.54,0.88,0.66,1.26,1.80,3.69,2.35,0.48,4.53,6.14,0.24,0.00,6300,36,7100,10050,0,88600,0,12000,5000,PF,PF,PF,PF,,,,F,F
3718,Noel,Nerlens,PHI,PF,@ MIL,28.00,9.69,0.00,7.97,1.37,1.31,1.60,2.47,3.90,1.89,1.14,3.90,4.67,0.15,0.00,5700,22,5600,10950,0,84900,0,10300,4600,PF,PF,PF,PF;C,,C,,F,F
3957,Wiggins,Andrew,MIN,SF,SAS,33.00,18.00,0.38,3.15,1.74,0.66,0.45,1.99,6.27,4.30,1.28,6.66,9.27,0.02,0.00,6700,31,6700,12000,0,94000,0,11700,5100,SF,SF,SG,SG;SF,,,,F,F
3505,Henson,John,MIL,PF,PHI,22.00,9.31,0.00,5.83,1.43,0.58,3.21,1.53,3.87,1.58,1.44,3.87,2.67,0.03,0.00,3700,10,3900,7600,0,59500,0,7200,3500,PF,C,PF,PF;C,,,,F,C
3004,Holiday,Jrue,NOR,PG,POR,26.00,12.10,1.31,2.31,5.18,1.19,0.48,1.77,2.98,2.22,0.52,4.29,5.99,0.05,0.00,5600,19,5600,11200,0,98400,0,10600,4800,PG,PG,PG,PG,,,,G,G
1822,Duncan,Tim,SAS,C,@ MIN,24.00,8.84,0.00,6.51,3.01,0.77,1.43,1.52,3.64,1.57,0.54,3.64,2.64,0.04,0.00,6200,24,5500,10550,0,80500,0,11700,4900,C,C,C,PF;C,,,,F,F
2752,Sessions,Ramon,WAS,PG,MEM,29.00,13.56,0.85,3.34,4.36,0.87,0.05,2.08,3.18,4.63,1.17,4.04,5.34,0.02,0.00,4000,10,4100,6950,0,64900,0,7600,3850,PG,PG,PG,PG;SG,,,,G,G
2129,Pachulia,Zaza,DAL,C,@ BKN,27.00,9.01,0.00,9.33,2.13,0.97,0.29,2.08,3.16,2.69,0.74,3.16,3.68,0.24,0.00,6400,24,5700,11550,0,101900,0,12200,4800,C,C,C,C,,C,,C,C
1810,Johnson,Joe,BKN,SG,DAL,35.00,11.27,1.19,5.03,4.55,0.63,0.12,1.93,3.15,1.39,0.33,4.34,6.25,0.05,0.00,5300,20,4700,9150,0,71900,0,9000,4150,SG,SF,SF,SG;SF,,,,G,F
3704,Dieng,Gorgui,MIN,C,SAS,29.00,9.09,0.00,7.28,1.37,1.49,1.48,2.11,3.28,2.53,0.52,3.28,3.53,0.15,0.00,5300,16,5500,10800,0,80800,0,10900,4350,C,C,C,PF;C,,C,,C,C
2461,Miles,CJ,IND,SF,SAC,28.00,15.66,3.18,3.62,1.44,1.07,0.35,1.34,1.89,2.32,0.52,5.08,7.04,0.02,0.00,4800,23,5200,9050,0,76100,0,8900,4150,SF,SF,SF,SG;SF,,,,F,G
3456,Crowder,Jae,BOS,SF,@ CHA,31.00,12.60,1.77,4.79,1.80,1.38,0.44,1.05,2.52,2.24,0.51,4.29,6.02,0.02,0.00,5800,25,5800,10950,0,94400,0,11600,4700,SF,SF,SF,SF;PF,,,,F,F
3113,Aminu,Al-Farouq,POR,SF,@ NOR,30.00,10.19,1.17,6.65,1.64,1.15,1.00,1.33,2.35,1.98,0.80,3.52,5.77,0.06,0.00,5100,20,5200,10400,0,81900,0,9900,4150,SF,SF,SF,SF;PF,,,,F,F
5035,Mudiay,Emmanuel,DEN,PG,@ PHO,29.00,11.62,0.80,3.22,5.74,1.34,0.50,4.25,3.66,1.91,0.90,4.46,8.00,0.05,0.00,4900,25,5400,9200,0,72900,0,8600,4500,PG,PG,PG,PG,,,,G,G
5048,Russell,D'Angelo,LAL,PG,OKC,26.00,11.86,1.65,4.32,3.52,1.09,0.17,1.34,2.56,1.80,0.62,4.21,6.33,0.02,0.00,5600,19,5500,10950,0,93500,0,9800,4650,PG,PG,PG,PG,,,,G,G
2492,Williams,Marvin,CHA,PF,BOS,30.00,10.32,1.63,7.04,1.38,0.83,0.89,0.82,2.27,0.89,0.23,3.90,5.28,0.18,0.00,5000,24,5700,9500,0,80600,0,10600,4250,PF,PF,PF,SF;PF,,,,F,F
2221,Barnes,Matt,MEM,SF,@ WAS,30.00,12.61,2.31,5.20,1.73,1.00,0.54,1.47,2.28,1.13,0.35,4.59,4.75,0.05,0.00,4900,20,5700,9800,0,91600,0,9200,4450,SF,SF,SF,SG;SF,,,,F,F
3147,Turner,Evan,BOS,SF,@ CHA,27.00,9.66,0.39,4.81,4.58,0.94,0.27,1.66,3.60,1.30,0.36,3.98,5.76,0.01,0.00,5100,19,4700,9200,0,81800,0,9600,4100,SF,SF,SG,SG;SF,,,,F,G
3438,Bazemore,Kent,ATL,SG,DET,33.00,10.87,0.98,5.78,2.15,1.38,0.49,1.71,3.07,1.81,0.67,4.04,5.63,0.04,0.00,5500,23,5700,9050,0,91400,0,11100,4300,SG,SF,SF,SG;SF,,,,G,G
2849,Mayo,OJ,MIL,SG,PHI,30.00,11.96,1.46,3.84,3.57,1.26,0.27,1.98,3.02,1.56,0.29,4.47,6.12,0.01,0.00,5200,17,5600,8950,0,85000,0,9400,4300,SG,PG,SG,PG;SG,,,,G,G
3941,Parker,Jabari,MIL,PF,PHI,27.00,13.34,0.00,4.66,1.63,1.09,0.39,1.34,5.53,2.27,0.76,5.53,4.44,0.02,0.00,4800,18,5000,8650,0,77600,0,8300,4000,PF,PF,PF,SF;PF,,,,F,F
2724,Green,Jeff,MEM,SF,@ WAS,34.00,14.40,1.02,4.57,1.88,0.67,0.32,1.72,4.28,2.78,0.56,5.30,6.17,0.03,0.00,4400,17,5100,8250,0,77800,0,7700,4100,SF,PF,SF,SG;SF,,,,F,F
2370,Ariza,Trevor,HOU,SF,@ ORL,33.00,11.12,2.57,4.82,2.43,1.79,0.22,1.81,1.08,1.24,0.32,3.65,5.71,0.02,0.00,5500,23,5700,11000,0,95600,0,10400,4500,SF,SF,SF,SG;SF,,,,F,F
3005,Hill,Jordan,IND,C,SAC,24.00,9.45,0.00,8.23,1.67,0.57,0.57,1.46,4.05,1.35,0.52,4.05,4.84,0.19,0.00,5000,14,5100,10400,0,92800,0,10800,4300,C,PF,PF,PF;C,,C,,C,C
2757,Stuckey,Rodney,IND,SG,SAC,27.00,13.02,0.89,3.67,3.24,0.88,0.12,1.76,3.99,2.37,0.45,4.88,6.24,0.02,0.00,4800,11,4400,8250,0,75400,0,8700,4000,SG,SG,SG,PG;SG,,,,G,G
3689,Caldwell-Pope,Kentavious,DET,SG,@ ATL,39.00,14.13,2.02,2.96,2.07,1.33,0.09,1.26,3.20,1.67,0.47,5.22,7.86,0.01,0.00,6000,21,5400,11250,0,105800,0,10900,4700,SG,SG,SG,SG,,,,G,G
3475,Fournier,Evan,ORL,SG,HOU,30.00,13.61,1.73,3.43,2.42,1.13,0.00,1.58,3.15,2.11,0.55,4.88,6.18,0.02,0.00,5100,20,4700,9550,0,74900,0,9500,4300,SG,SG,SF,SG;SF,,,,G,G
3089,Matthews,Wesley,DAL,SG,@ BKN,32.00,13.53,2.77,3.13,1.92,1.39,0.17,1.27,1.93,1.35,0.30,4.70,6.59,0.02,0.00,5200,21,5400,9400,0,77700,0,8200,4200,SG,SG,SG,SG;SF,,,,G,G
2428,Felton,Raymond,DAL,PG,@ BKN,29.00,9.85,1.00,3.26,4.10,1.56,0.24,1.55,2.74,1.38,0.37,3.74,5.37,0.01,0.00,4900,15,5400,8800,0,88700,0,9000,4300,PG,PG,SG,PG;SG,,,,G,G
1983,Randolph,Zach,MEM,PF,@ WAS,25.00,11.36,0.00,7.26,1.47,0.60,0.11,1.78,4.70,1.96,0.58,4.70,4.69,0.20,0.00,5900,24,5900,10550,0,82800,0,10400,4700,PF,PF,PF,PF;C,,,,F,F
2148,Parker,Tony,SAS,PG,@ MIN,26.00,12.32,0.23,2.03,4.57,0.81,0.12,1.62,4.94,1.75,0.49,5.17,4.51,0.02,0.00,5500,22,5000,10300,0,90600,0,11000,4750,PG,PG,PG,PG,,,,G,G
3678,Zeller,Cody,CHA,PF,BOS,26.00,9.28,0.04,6.31,1.73,0.71,0.90,0.87,3.13,2.89,0.91,3.17,4.18,0.05,0.00,4200,11,4700,8100,0,66100,0,8500,3900,PF,C,PF,PF;C,,,,F,C
2717,Dudley,Jared,WAS,SF,MEM,36.00,9.98,1.71,4.65,2.36,1.59,0.33,1.36,1.84,1.18,0.46,3.55,4.27,0.01,0.00,4100,12,4600,8100,0,71800,0,8400,3800,SF,SF,SF,SG;SF,,,,F,G
3946,Randle,Julius,LAL,PF,OKC,24.00,9.95,0.00,6.74,1.52,0.72,0.63,1.44,3.45,3.04,1.34,3.45,5.02,0.05,0.00,5700,25,6000,9550,0,85400,0,10900,4800,PF,PF,PF,PF,,,,F,F
3674,Schroder,Dennis,ATL,PG,DET,22.00,11.37,0.91,2.66,5.23,0.47,0.05,2.02,3.46,1.72,0.36,4.37,6.09,0.05,0.00,4700,13,5100,9650,0,85400,0,9500,4300,PG,PG,PG,PG,,,,G,G
3932,LaVine,Zach,MIN,SG,SAS,24.00,12.64,0.88,3.11,3.81,0.48,0.06,1.91,3.72,2.57,0.35,4.60,7.19,0.02,0.00,5400,21,5300,8950,0,77300,0,9500,4400,SG,SG,PG,PG;SG,,,,G,G
5039,Oubre,Kelly,WAS,SF,MEM,28.00,13.04,1.48,4.80,0.94,0.99,0.16,1.23,3.13,2.34,1.00,4.61,6.91,0.02,0.00,3700,11,3700,0,0,36200,0,0,3500,SF,SF,SF,,,,,,F
3766,Covington,Robert,PHI,SF,@ MIL,24.00,12.51,2.21,4.62,1.45,1.17,0.50,2.31,1.67,2.55,0.58,3.87,5.67,0.02,0.00,5700,25,6200,10550,0,82300,0,9800,4550,SF,PF,SF,SF;PF,,,,F,F
2445,Ilyasova,Ersan,DET,PF,@ ATL,28.00,11.37,1.69,5.23,1.27,0.86,0.49,1.24,2.43,1.44,0.54,4.12,5.57,0.05,0.00,5200,20,5100,9950,0,85100,0,9100,4300,PF,PF,PF,SF;PF,,,,F,F
3163,Booker,Trevor,UTA,PF,@ GSW,26.00,8.46,0.22,7.01,1.31,0.85,0.79,1.19,3.23,1.34,0.87,3.45,3.48,0.12,0.00,4400,12,4300,7150,0,64400,0,8000,3800,PF,PF,PF,PF,,,,F,F
3925,Hood,Rodney,UTA,SG,@ GSW,32.00,12.29,1.52,2.98,2.85,0.87,0.31,1.76,2.94,1.84,0.40,4.46,7.10,0.01,0.00,4600,18,4600,8650,0,69900,0,8400,3850,SG,SG,SG,SG;SF,,,,G,G
3374,Kanter,Enes,OKC,C,@ LAL,19.00,10.73,0.00,7.62,0.63,0.17,0.28,1.06,4.11,2.52,0.72,4.11,3.26,0.18,0.00,4800,14,4200,9750,0,83400,0,9800,4000,C,C,C,C,,C,,C,C
3391,Parsons,Chandler,DAL,SF,@ BKN,28.00,12.63,1.52,3.66,2.09,0.78,0.28,1.68,3.42,1.22,0.45,4.94,5.32,0.02,0.00,4300,13,4700,8500,0,61200,0,6600,4300,SF,SF,SF,SF;PF,,,,F,F
3908,Capela,Clint,HOU,PF,@ ORL,21.00,7.86,0.00,7.21,0.57,0.78,1.27,0.98,3.40,1.05,1.28,3.40,2.65,0.10,0.00,4900,16,5500,8700,0,85500,0,10000,4500,PF,PF,C,PF;C,,C,,C,C
3020,Collison,Darren,SAC,PG,@ IND,27.00,11.68,1.17,2.18,4.06,1.03,0.11,2.22,3.02,2.13,0.46,4.19,4.55,0.02,0.00,5200,19,4900,9650,0,73900,0,9600,4000,PG,PG,PG,PG,,,,G,G
2702,Afflalo,Arron,NYK,SG,@ CLE,33.00,13.95,1.42,3.73,1.56,0.36,0.10,1.33,3.96,1.77,0.39,5.38,6.73,0.02,0.00,5000,17,5000,9300,0,81600,0,9800,4450,SG,SG,SG,SG;SF,,,,G,G
3956,Warren,TJ,PHO,SF,DEN,26.00,11.97,0.33,3.75,1.17,0.84,0.49,0.74,4.93,1.11,0.41,5.27,5.55,0.01,0.00,3900,11,4500,7750,0,73300,0,7900,4200,SF,SF,SF,SF,,,,F,F
2828,Gordon,Eric,NOR,SG,POR,30.00,13.18,2.16,1.89,2.51,0.88,0.18,1.24,2.06,2.56,0.52,4.23,6.10,0.01,0.00,5000,23,5000,10050,0,83900,0,9200,4400,SG,SG,SG,SG,,,,G,G
3921,Grant,Jerami,PHI,PF,@ MIL,26.00,9.71,0.54,4.09,1.45,0.72,1.54,1.37,2.66,2.75,1.48,3.21,4.76,0.01,0.00,4300,18,4200,7900,0,65700,0,8000,3700,PF,SF,SF,SF;PF,,,,F,F
3720,Len,Alex,PHO,C,DEN,21.00,8.21,0.00,6.47,0.57,0.64,1.69,1.54,3.14,1.92,0.82,3.14,2.64,0.04,0.00,4800,16,4900,7500,0,75600,0,9000,4350,C,C,C,C,,C,,C,C
2455,Mahinmi,Ian,IND,C,SAC,23.00,6.47,0.00,7.49,1.34,0.66,1.09,1.14,2.75,0.97,1.29,2.75,2.56,0.03,0.00,5300,16,4800,8250,0,70900,0,10300,4200,C,C,C,C,,C,,C,C
3711,Adams,Steven,OKC,C,@ LAL,25.00,7.06,0.00,7.36,0.93,0.37,1.20,0.74,2.78,1.49,1.35,2.78,2.03,0.10,0.00,4100,10,4000,7600,0,64200,0,8000,3900,C,C,C,C,,C,,C,C
2289,Iguodala,Andre,GSW,SF,UTA,27.00,7.35,0.92,4.01,3.39,1.30,0.34,0.95,1.96,0.67,0.35,2.88,3.12,0.01,0.00,4600,23,5200,8900,0,72100,0,9300,4200,SF,SF,SF,SG;SF,,,,F,G
2842,Koufos,Kosta,SAC,C,@ IND,23.00,7.41,0.00,7.77,0.35,0.53,0.96,0.72,3.22,0.96,0.63,3.22,2.96,0.10,0.00,4200,12,4300,7450,0,60200,0,8300,4100,C,C,C,PF;C,,C,,C,C
3369,Irving,Kyrie,CLE,PG,NYK,20.00,12.09,0.89,2.00,2.59,1.00,0.10,1.08,3.56,2.31,0.33,4.45,5.21,0.01,0.00,7700,31,6600,8550,0,113600,0,18000,5500,PG,PG,PG,PG;SG,,,,G,G
3620,Waiters,Dion,OKC,SG,@ LAL,28.00,11.13,1.02,3.18,2.12,1.15,0.18,1.34,3.35,1.37,0.57,4.37,5.88,0.01,0.00,4200,12,4000,7650,0,69300,0,7600,3800,SG,SG,SG,SG;SF,,,,G,G
1821,Ginobili,Manu,SAS,SG,@ MIN,20.00,9.86,1.23,2.94,4.01,0.85,0.25,2.32,2.15,1.88,0.61,3.37,4.02,0.01,0.00,4500,14,4100,8050,0,65800,0,8500,4000,SG,SG,SG,SG;SF,,,,G,G
3379,Leuer,Jon,PHO,PF,DEN,22.00,8.80,0.82,6.11,1.31,0.72,0.38,0.99,2.69,0.97,0.38,3.51,3.61,0.04,0.00,4400,21,5500,7100,0,78800,0,9000,4300,PF,PF,PF,PF;C,,,,F,F
1807,Korver,Kyle,ATL,SG,DET,33.00,9.87,1.81,4.45,2.29,0.63,0.48,1.59,1.84,0.76,0.11,3.65,4.52,0.01,0.00,4600,16,4200,9200,0,73500,0,8800,4250,SG,SG,SG,SG;SF,,,,G,G
3032,Beverley,Patrick,HOU,PG,@ ORL,30.00,8.58,1.75,3.45,3.49,1.02,0.55,1.88,1.31,0.69,0.16,3.07,5.01,0.01,0.00,4200,14,4900,8400,0,68500,0,7900,4100,PG,PG,PG,PG;SG,,,,G,G
3684,Larkin,Shane,BKN,PG,DAL,24.00,8.13,0.71,2.53,3.86,1.56,0.17,1.26,2.52,0.97,0.31,3.23,3.67,0.01,0.00,4600,12,4200,6800,0,62900,0,7400,3500,PG,PG,PG,PG,,,,G,G
2844,Lee,Courtney,MEM,SG,@ WAS,32.00,11.67,1.25,2.99,1.76,1.06,0.15,1.20,3.38,1.18,0.15,4.62,5.10,0.01,0.00,3900,13,4500,7650,0,67400,0,7300,3900,SG,SG,SG,SG;SF,,,,G,G
3356,Burks,Alec,UTA,SG,@ GSW,25.00,12.35,0.79,2.95,2.21,0.54,0.11,1.55,3.23,3.53,0.94,4.02,5.94,0.01,0.00,4900,21,4700,8800,0,78200,0,8600,4200,SG,SG,SG,PG;SG,,,,G,G
3076,Temple,Garrett,WAS,PG,MEM,30.00,8.89,1.39,3.35,2.26,1.55,0.37,1.19,1.47,1.77,0.78,2.87,4.64,0.01,0.00,4300,10,4500,6050,0,54300,0,6700,3850,PG,SG,SG,PG;SG,,,,G,G
3159,Davis,Ed,POR,PF,@ NOR,20.00,6.85,0.00,6.83,1.10,0.57,0.87,0.68,2.84,1.18,1.27,2.84,1.79,0.01,0.00,4400,16,4300,8150,0,60800,0,8700,3800,PF,PF,PF,PF;C,,,,F,F
3540,Leonard,Meyers,POR,C,@ NOR,24.00,9.80,1.19,5.56,1.40,0.24,0.33,0.92,2.69,0.84,0.11,3.89,4.68,0.03,0.00,3800,10,3700,7300,0,58000,0,6500,3800,C,C,C,PF;C,,C,,C,C
5026,Kaminsky,Frank,CHA,PF,BOS,24.00,8.80,1.07,4.27,1.88,0.50,0.69,0.76,2.25,1.09,0.33,3.32,4.11,0.01,0.00,4000,11,4000,6650,0,57800,0,6700,3600,PF,PF,C,PF;C,,C,,C,F
3677,Olynyk,Kelly,BOS,C,@ CHA,20.00,8.88,0.86,4.01,1.72,1.05,0.53,1.39,2.68,0.93,0.34,3.54,4.69,0.01,0.00,4100,12,4600,6800,0,63300,0,8200,3950,C,C,C,C,,C,,C,C
3350,Allen,Lavoy,IND,PF,SAC,22.00,5.87,0.00,6.56,1.70,0.47,0.94,1.09,2.65,0.56,0.30,2.65,3.06,0.01,0.00,3600,10,3500,6300,0,57800,0,6600,3500,PF,C,C,PF;C,,,,F,F
2419,Bogut,Andrew,GSW,C,UTA,21.00,4.99,0.00,6.44,1.81,0.46,1.45,1.25,2.37,0.25,0.39,2.37,1.80,0.00,0.00,4300,15,4200,9150,0,67400,0,9100,4150,C,C,C,C,,C,,C,C
4070,Frazier,Tim,POR,PG,@ NOR,24.00,6.69,0.64,2.35,6.18,0.59,0.05,2.14,1.77,1.23,0.82,2.41,3.54,0.01,0.00,3800,10,3600,5000,0,35000,0,3000,3300,PG,PG,PG,PG,,,,G,G
2083,Chandler,Tyson,PHO,C,DEN,20.00,6.01,0.00,7.45,0.48,0.59,0.93,0.96,2.20,1.61,0.73,2.20,0.99,0.03,0.00,3700,12,4000,7400,0,52800,0,7100,3850,C,C,C,C,,C,,C,C
2578,Barea,JJ,DAL,PG,@ BKN,22.00,8.89,0.81,1.93,4.40,0.59,0.04,1.31,2.62,1.23,0.27,3.43,5.17,0.01,0.00,3800,10,3600,7250,0,53700,0,6200,3700,PG,SG,PG,PG;SG,,,,G,G
3722,Crabbe,Allen,POR,SG,@ NOR,30.00,11.01,1.60,2.80,1.47,0.77,0.23,0.83,2.56,1.08,0.23,4.16,5.25,0.01,0.00,4200,11,4400,6800,0,60100,0,7100,3800,SG,SG,SG,SG,,,,G,G
3923,Harris,Gary,DEN,SG,@ PHO,30.00,10.64,1.47,2.67,1.59,1.37,0.23,1.73,2.53,1.19,0.30,3.99,4.43,0.01,0.00,3700,11,4000,6000,0,61500,0,7000,3600,SG,SG,SG,SG,,,,G,G
2308,Smith,JR,CLE,SG,NYK,27.00,9.63,1.65,2.99,1.84,0.88,0.23,0.67,2.02,0.64,0.30,3.67,5.39,0.00,0.00,4900,19,4900,8450,0,66900,0,7900,4350,SG,SG,SG,SG;SF,,,,G,G
2728,Hawes,Spencer,CHA,C,BOS,21.00,7.98,0.86,4.45,2.19,0.30,0.74,1.16,2.14,1.11,0.35,3.00,4.14,0.01,0.00,3800,10,3600,6000,0,54200,0,6500,3700,C,PF,C,PF;C,,,,C,F
3470,Ezeli,Festus,GSW,C,UTA,19.00,7.19,0.00,5.86,0.55,0.30,1.32,0.91,2.63,1.93,1.43,2.63,2.58,0.02,0.00,4800,14,4600,8450,0,75800,0,9500,4200,C,C,C,C,,C,,C,C
2430,Frye,Channing,ORL,PF,HOU,23.00,8.27,2.09,4.31,1.43,0.75,0.66,1.12,0.78,0.45,0.06,2.87,3.90,0.01,0.00,3700,10,3800,6350,0,56000,0,6200,3500,PF,PF,PF,PF;C,,,,F,F
4008,Galloway,Langston,NYK,SG,@ CLE,25.00,8.33,1.13,3.77,2.02,0.89,0.13,0.78,1.83,1.27,0.32,2.96,4.33,0.01,0.00,3900,10,3800,7850,0,60900,0,7600,3800,SG,SG,SG,PG;SG,,,,G,G
3693,Canaan,Isaiah,PHI,PG,@ MIL,28.00,10.55,2.20,2.12,2.44,0.75,0.13,1.52,1.08,1.76,0.35,3.29,6.10,0.01,0.00,4200,11,4300,8000,0,57200,0,6400,4150,PG,PG,PG,PG,,,,G,G
3728,Burke,Trey,UTA,PG,@ GSW,23.00,10.05,1.46,1.90,2.73,0.87,0.05,1.28,2.35,0.96,0.32,3.81,6.63,0.01,0.00,4600,12,4300,8300,0,69500,0,7800,3900,PG,PG,PG,PG,,,,G,G
3775,Dellavedova,Matthew,CLE,PG,NYK,27.00,7.06,0.94,2.40,4.52,0.62,0.03,1.02,1.76,0.72,0.11,2.70,4.31,0.01,0.00,4500,12,4800,8850,0,78100,0,9400,4200,PG,SG,PG,PG;SG,,,,G,G
2834,Hibbert,Roy,LAL,C,OKC,25.00,5.87,0.00,5.60,1.14,0.34,1.63,1.28,2.03,1.80,0.37,2.03,3.13,0.00,0.00,4700,14,4700,9250,0,74300,0,9500,4200,C,C,C,C,,C,,C,C
2814,Chalmers,Mario,MEM,PG,@ WAS,22.00,9.05,0.81,2.13,2.94,1.32,0.05,1.97,2.22,2.19,0.55,3.02,4.17,0.00,0.00,4200,10,3900,7250,0,62900,0,0,3850,PG,PG,PG,PG;SG,,,,G,G
2448,Johnson,Amir,BOS,C,@ CHA,21.00,6.38,0.28,5.36,1.58,0.45,0.88,1.29,2.41,0.73,0.54,2.69,2.60,0.01,0.00,4400,14,4400,8000,0,64700,0,8500,4000,C,PF,PF,PF;C,,,,F,F
3527,Jones,Terrence,HOU,PF,@ ORL,20.00,7.78,0.49,4.38,1.01,0.39,1.05,0.91,2.60,1.09,0.67,3.10,3.49,0.01,0.00,5000,17,4600,8800,0,63100,0,8200,4000,PF,PF,PF,SF;PF,,,,F,F
3287,Neal,Gary,WAS,SG,MEM,25.00,11.72,1.17,2.41,1.40,0.43,0.02,1.30,3.20,1.80,0.22,4.37,5.50,0.01,0.00,3800,11,4300,6600,0,59600,0,6600,3600,SG,SG,SG,PG;SG,,,,G,G
3047,Green,Danny,SAS,SG,@ MIN,23.00,7.96,1.62,3.31,1.85,0.73,0.60,1.11,1.20,0.71,0.10,2.81,3.82,0.01,0.00,3500,10,3800,7750,0,57500,0,6600,3900,SG,SG,SG,SG;SF,,,,G,G
3400,Thompson,Tristan,CLE,PF,NYK,21.00,5.73,0.00,7.20,0.56,0.33,0.36,0.57,2.28,1.17,0.67,2.28,1.95,0.02,0.00,4600,20,5000,8700,0,68400,0,9500,4200,PF,PF,PF,PF;C,,,,F,F
3930,Jokic,Nikola,DEN,C,@ PHO,19.00,7.69,0.07,4.78,0.99,0.81,0.40,1.31,2.81,1.87,0.56,2.87,2.53,0.01,0.00,4200,10,4000,7200,0,74500,0,8200,4000,C,C,C,C,,C,,C,C
3040,Mills,Patty,SAS,PG,@ MIN,21.00,8.89,1.62,1.81,2.24,1.13,0.06,0.87,1.81,0.42,0.10,3.43,4.29,0.00,0.00,3900,10,3700,7000,0,66200,0,7200,3800,PG,PG,PG,PG,,,,G,G
2295,Nelson,Jameer,DEN,PG,@ PHO,23.00,7.56,1.11,2.16,3.90,0.90,0.07,2.07,1.90,0.41,0.14,3.02,4.49,0.01,0.00,4600,14,5600,9150,0,85400,0,8700,4550,PG,PG,PG,PG,,,,G,G
2851,McGee,JaVale,DAL,C,@ BKN,17.00,7.75,0.00,4.75,0.27,0.25,1.35,1.26,3.37,1.01,0.69,3.37,2.47,0.01,0.00,3600,10,3100,5000,0,36600,0,4600,3500,C,C,C,C,,C,,C,C
3388,Morris,Markieff,PHO,PF,DEN,17.00,8.53,0.45,3.67,1.22,0.68,0.29,1.24,3.07,1.03,0.32,3.52,3.70,0.01,0.00,4500,17,4400,8750,0,59100,0,7700,4100,PF,PF,PF,PF;C,,,,F,F
3335,Mozgov,Timofey,CLE,C,NYK,18.00,7.96,0.00,4.62,0.50,0.28,0.64,1.02,3.16,1.63,0.53,3.16,2.71,0.01,0.00,3700,10,3900,7000,0,54000,0,6600,3800,C,C,C,C,,C,,C,C
3389,Motiejunas,Donatas,HOU,PF,@ ORL,20.00,7.92,0.78,3.67,1.59,0.59,0.29,1.47,2.36,0.85,0.54,3.15,3.90,0.01,0.00,4400,14,3800,6950,0,53900,0,4500,3500,PF,SF,PF,SF;PF,,,,F,F
2452,Lee,David,BOS,PF,@ CHA,16.00,6.70,0.00,4.33,1.90,0.40,0.33,1.23,2.77,1.16,0.47,2.77,2.97,0.00,0.00,4100,10,4300,7350,0,58400,0,7200,3500,PF,PF,PF,PF;C,,,,F,F
3354,Bogdanovic,Bojan,BKN,SF,DAL,26.00,8.89,1.23,3.72,1.07,0.47,0.05,1.14,2.28,0.66,0.21,3.50,4.39,0.01,0.00,3800,14,4500,6800,0,54700,0,6400,3700,SF,SG,SF,SG;SF,,,,F,G
2423,Calderon,Jose,NYK,PG,@ CLE,24.00,6.45,0.97,2.50,3.49,0.58,0.04,1.17,1.55,0.45,0.07,2.52,3.48,0.00,0.00,3900,10,3900,6900,0,51600,0,7500,3900,PG,PG,PG,PG,,,,G,G
5024,Johnson,Stanley,DET,SF,@ ATL,22.00,8.11,0.77,3.96,1.25,0.68,0.11,1.63,2.48,0.82,0.27,3.25,5.39,0.01,0.00,3800,10,3700,6750,0,53500,0,6000,3900,SF,SF,SF,SF,,,,F,F
3920,Gordon,Aaron,ORL,PF,HOU,16.00,6.43,0.36,4.08,0.83,0.66,0.73,0.75,2.06,1.23,0.48,2.42,2.66,0.00,0.00,3500,10,3500,6700,0,51300,0,6700,3900,PF,SF,SF,SF;PF,,,,F,F
3544,Marshall,Kendall,PHI,PG,@ MIL,21.00,4.72,0.66,1.77,5.35,0.79,0.02,1.91,1.22,0.28,0.19,1.88,2.77,0.00,0.00,3500,10,3300,5000,0,42600,0,6200,3300,PG,PG,PG,PG,,,,G,G
2643,Tucker,PJ,PHO,SF,DEN,24.00,5.49,0.63,4.42,1.38,0.99,0.26,0.83,1.45,0.71,0.29,2.08,2.89,0.00,0.00,3500,10,3800,7100,0,55800,0,6600,3900,SF,SF,SF,SG;SF,,,,F,F
2378,Humphries,Kris,WAS,PF,MEM,18.00,6.21,0.53,4.88,0.88,0.41,0.49,0.65,1.83,0.97,0.24,2.36,3.34,0.00,0.00,3600,10,3900,6350,0,48800,0,6200,3600,PF,PF,PF,PF;C,,,,C,F
2579,Bargnani,Andrea,BKN,C,DAL,18.00,9.25,0.21,3.31,0.59,0.09,0.48,0.80,3.52,1.60,0.31,3.72,4.40,0.01,0.00,3900,10,3500,6250,0,51900,0,5800,3300,C,C,C,PF;C,,C,,F,C
3659,Thompson,Hollis,PHI,SF,@ MIL,24.00,8.05,1.54,2.69,1.38,0.72,0.32,1.12,1.19,1.04,0.35,2.73,4.30,0.00,0.00,3500,10,3500,6700,0,45500,0,5500,3600,SF,SF,SG,SG;SF,,,,G,G
5029,Lyles,Trey,UTA,PF,@ GSW,21.00,7.17,0.19,4.60,0.87,0.43,0.31,1.40,2.66,1.29,0.44,2.85,3.53,0.01,0.00,3500,10,3200,5000,0,35000,0,3600,3000,PF,PF,PF,PF,,,,F,F
3393,Shumpert,Iman,CLE,SG,NYK,22.00,5.94,0.64,3.47,1.66,0.99,0.11,0.79,1.68,0.65,0.26,2.33,3.73,0.00,0.00,4600,15,3700,5650,0,59600,0,8300,3800,SG,SG,SG,SG;SF,,,,G,G
2705,Belinelli,Marco,SAC,SG,@ IND,24.00,9.25,1.68,1.82,1.83,0.61,0.05,1.55,1.41,1.39,0.20,3.09,4.69,0.00,0.00,3500,10,3800,6100,0,45500,0,5700,3700,SG,SG,SG,SG;SF,,,,G,G
3013,Henderson,Gerald,POR,SG,@ NOR,20.00,8.36,0.74,2.53,1.44,0.40,0.14,0.85,2.36,1.42,0.37,3.10,4.45,0.00,0.00,3600,10,3500,5950,0,39900,0,4600,3700,SG,SG,SG,SG;SF,,,,G,G
2847,Lopez,Robin,NYK,C,@ CLE,22.00,5.98,0.00,4.03,1.13,0.20,0.82,0.98,2.37,1.24,0.31,2.37,2.62,0.00,0.00,3800,10,3900,8200,0,56400,0,7800,3800,C,C,C,C,,C,,C,C
3561,Nicholson,Andrew,ORL,PF,HOU,17.00,7.10,0.79,3.87,0.67,0.28,0.61,0.97,2.13,0.48,0.18,2.92,3.38,0.01,0.00,3600,10,3700,5000,0,57300,0,6500,3750,PF,PF,PF,PF,,,,C,F
3537,Lamb,Jeremy,CHA,SG,BOS,15.00,7.78,0.63,3.20,0.83,0.36,0.23,0.59,2.52,0.83,0.27,3.16,3.98,0.01,0.00,4400,16,4400,7000,0,69300,0,8700,3900,SG,SG,SG,SG;SF,,,,G,G
5098,McConnell,TJ,PHI,PG,@ MIL,19.00,3.23,0.20,2.95,4.20,0.86,0.11,1.56,1.10,0.43,0.16,1.30,1.94,0.00,0.00,4600,14,4000,7800,0,67700,0,9100,4000,PG,PG,PG,PG,,,,G,G
3033,Thornton,Marcus,HOU,SG,@ ORL,15.00,8.53,1.60,1.89,1.02,0.69,0.08,0.61,1.53,0.66,0.13,3.13,3.95,0.00,0.00,3900,11,3900,6300,0,59800,0,7700,3900,SG,SG,SF,SG;SF,,,,G,G
3563,O'Quinn,Kyle,NYK,C,@ CLE,16.00,5.05,0.10,4.00,1.04,0.61,0.69,0.83,1.87,0.99,0.40,1.97,2.32,0.00,0.00,4000,10,3400,7350,0,59000,0,7400,3750,C,C,PF,PF;C,,,,F,F
1968,Diaw,Boris,SAS,PF,@ MIN,20.00,5.98,0.27,3.10,2.09,0.34,0.26,1.03,2.19,0.78,0.24,2.47,2.89,0.00,0.00,3600,10,3500,5800,0,49600,0,6600,3500,PF,C,PF,PF;C,,C,,C,F
2313,Livingston,Shaun,GSW,PG,UTA,20.00,5.42,0.03,2.22,2.61,0.59,0.33,0.89,2.28,0.76,0.22,2.31,2.45,0.00,0.00,3500,10,3400,5800,0,46100,0,5700,3500,PG,PG,PG,PG;SG,,,,G,G
3725,McLemore,Ben,SAC,SG,@ IND,23.00,7.46,1.03,2.20,1.34,1.02,0.13,1.54,1.71,0.96,0.23,2.74,3.74,0.00,0.00,3600,10,3900,6700,0,50100,0,6100,3800,SG,SG,SG,SG,,,,G,G
2755,Smith,Jason,ORL,PF,HOU,16.00,6.13,0.14,3.27,1.16,0.30,0.76,1.09,2.36,1.00,0.21,2.50,2.78,0.00,0.00,3500,10,3200,5000,0,42500,0,4800,3300,PF,PF,PF,PF;C,,,,F,C
2636,Sefolosha,Thabo,ATL,SF,DET,19.00,4.45,0.34,4.13,1.12,1.08,0.23,0.93,1.42,0.57,0.24,1.77,2.25,0.00,0.00,4200,14,4000,6400,0,49700,0,7800,4000,SF,SF,SF,SG;SF,,,,F,G
1977,West,David,SAS,PF,@ MIN,15.00,5.23,0.00,3.28,1.73,0.42,0.39,1.01,2.17,0.89,0.36,2.17,1.90,0.00,0.00,3600,10,3800,6200,0,51800,0,6600,3700,PF,PF,PF,PF,,,,F,F
3358,Cole,Norris,NOR,PG,POR,19.00,6.48,0.66,1.45,2.40,0.47,0.18,0.79,1.89,0.72,0.30,2.55,4.02,0.00,0.00,3500,10,3300,5550,0,48000,0,4700,3000,PG,SG,PG,PG;SG,,,,G,G
3589,Scott,Mike,ATL,SF,DET,15.00,7.37,0.71,2.59,1.10,0.30,0.06,0.57,2.13,0.99,0.27,2.84,2.88,0.00,0.00,3600,10,3200,5100,0,39700,0,4700,3600,SF,PF,PF,PF,,,,F,F
2097,Williams,Mo,CLE,PG,NYK,15.00,7.02,0.60,1.59,2.26,0.36,0.08,1.00,2.13,0.97,0.12,2.73,3.85,0.00,0.00,4700,18,4600,8550,0,61500,0,8800,4400,PG,PG,PG,PG;SG,,,,G,G
3688,Lauvergne,Joffrey,DEN,C,@ PHO,16.00,5.25,0.13,4.42,0.54,0.45,0.48,1.16,1.78,1.30,0.53,1.91,2.42,0.00,0.00,3900,11,4400,7750,0,71800,0,8600,4150,C,C,C,PF;C,,C,,C,F
3669,Baynes,Aron,DET,C,@ ATL,15.00,5.51,0.00,4.58,0.73,0.29,0.22,1.09,2.30,0.91,0.17,2.30,1.87,0.00,0.00,3500,10,3100,5500,0,46700,0,5300,3500,C,C,C,C,,,,C,F
2768,Young,Nick,LAL,SG,OKC,19.00,8.71,1.57,1.47,0.62,0.48,0.09,0.63,1.26,1.48,0.22,2.83,4.64,0.00,0.00,3500,10,3500,5900,0,40900,0,4700,3500,SG,SG,SG,SG;SF,,,,F,F
3713,Roberson,Andre,OKC,SG,@ LAL,21.00,4.16,0.42,3.48,0.92,0.97,0.39,0.59,1.26,0.37,0.30,1.68,1.97,0.00,0.00,3500,10,3200,5000,0,44900,0,5600,3800,SG,SG,SG,SG;SF,,,,G,G
3057,Ellington,Wayne,BKN,SG,DAL,20.00,6.59,1.11,2.23,1.03,0.65,0.08,0.52,1.41,0.43,0.09,2.52,4.26,0.00,0.00,3600,10,3300,5000,0,37000,0,4400,3000,SG,SG,SG,SG,,,,G,G
3334,Splitter,Tiago,ATL,C,DET,14.00,5.58,0.00,3.19,0.89,0.48,0.48,1.03,2.39,0.80,0.25,2.39,1.75,0.00,0.00,3600,10,3100,6600,0,44100,0,6000,3800,C,C,C,C,,,,C,F
2262,Martin,Kevin,MIN,SG,SAS,18.00,8.14,0.49,1.52,1.04,0.39,0.02,0.89,2.45,1.77,0.23,2.94,4.37,0.00,0.00,3900,13,4200,7700,0,57300,0,6800,4200,SG,SG,SG,SG;SF,,,,G,G
5036,Nance,Larry,LAL,PF,OKC,22.00,4.32,0.03,3.83,0.85,0.72,0.32,0.84,1.86,0.51,0.13,1.89,2.50,0.00,0.00,3500,10,3600,0,0,0,0,0,3600,PF,PF,PF,,,,,,F
3940,O'Bryant,Johnny,MIL,C,PHI,18.00,4.71,0.00,3.51,1.21,0.34,0.38,0.84,1.93,0.84,0.45,1.93,2.32,0.00,0.00,3500,10,3100,0,0,37700,0,4100,3000,C,PF,PF,,,C,,F,F
2706,Brewer,Corey,HOU,SF,@ ORL,16.00,6.20,0.78,1.82,1.21,0.83,0.12,0.97,1.38,1.10,0.36,2.16,3.26,0.00,0.00,3800,12,3900,6600,0,52300,0,6200,3800,SF,SF,SF,SG;SF,,,,F,F
1874,Garnett,Kevin,MIN,PF,SAS,14.00,2.86,0.00,4.15,1.13,0.78,0.26,0.56,1.29,0.27,0.11,1.29,1.44,0.00,0.00,3500,10,3200,5800,0,42400,0,6300,3800,PF,PF,PF,PF;C,,,,F,F
2858,Rush,Brandon,GSW,SG,UTA,19.00,5.21,0.95,2.96,0.87,0.32,0.52,0.67,0.94,0.48,0.28,1.89,2.70,0.00,0.00,3600,10,3500,5000,0,43100,0,5200,3600,SG,SF,SG,SG,,,,G,G
3922,Hairston,PJ,CHA,SF,BOS,20.00,5.79,0.98,2.93,0.70,0.39,0.21,0.68,1.11,0.65,0.10,2.08,4.30,0.00,0.00,3500,10,3400,6900,0,46200,0,4800,3500,SF,SF,SF,SG;SF,,,,G,G
3080,Gee,Alonzo,NOR,SF,POR,21.00,4.06,0.29,2.63,0.86,1.06,0.30,0.66,1.28,0.64,0.28,1.57,1.71,0.00,0.00,3600,10,3200,5000,0,44700,0,5100,3000,SF,SF,SF,SG;SF,,,,F,F
3706,Muhammad,Shabazz,MIN,SF,SAS,17.00,7.06,0.27,2.44,0.48,0.26,0.08,0.82,2.51,1.25,0.42,2.77,3.32,0.00,0.00,3500,10,3700,5550,0,40800,0,5400,3800,SF,SF,SF,SG;SF,,,,F,F
3034,Budinger,Chase,IND,SF,SAC,15.00,5.52,0.80,2.46,1.07,0.51,0.11,0.78,1.06,0.99,0.27,1.86,2.54,0.00,0.00,3500,10,3100,5000,0,35000,0,4000,3600,SF,SF,SF,SG;SF,,,,F,F
3490,Green,JaMychal,MEM,PF,@ WAS,14.00,5.46,0.14,3.65,0.39,0.36,0.23,1.18,1.98,1.08,0.30,2.12,1.92,0.00,0.00,3500,10,3300,5000,0,41500,0,5400,3500,PF,C,PF,PF,,,,F,F
2284,Allen,Tony,MEM,SG,@ WAS,14.00,4.78,0.15,2.44,0.66,1.04,0.16,0.76,1.96,0.42,0.32,2.11,2.09,0.00,0.00,3500,10,3400,5750,0,42400,0,6000,3600,SG,SG,SF,SG;SF,,,,G,G
3413,Thomas,Lance,NYK,SF,@ CLE,23.00,6.58,0.57,2.22,0.79,0.35,0.10,1.08,1.81,1.26,0.33,2.37,3.76,0.00,0.00,4100,10,3900,6100,0,55100,0,6600,3800,SF,SF,SF,SG;SF,,,,G,F
2774,Tolliver,Anthony,DET,PF,@ ATL,18.00,4.49,1.09,3.09,0.75,0.39,0.19,0.42,0.43,0.36,0.14,1.52,2.70,0.00,0.00,3500,10,3200,5000,0,40400,0,4600,3300,PF,PF,PF,SF;PF,,,,F,F
2891,Asik,Omer,NOR,C,POR,12.00,3.48,0.00,4.38,0.38,0.17,0.41,0.50,1.19,1.10,0.75,1.19,0.98,0.00,0.00,3500,10,3300,5600,0,36900,0,4100,3600,C,C,C,PF;C,,C,,C,C
2862,Speights,Marreese,GSW,PF,UTA,10.00,6.00,0.08,2.55,0.51,0.21,0.25,0.81,2.16,1.42,0.27,2.25,2.79,0.00,0.00,3500,10,3100,5000,0,35000,0,3500,3000,PF,PF,C,PF;C,,C,,F,F
1927,Blake,Steve,DET,PG,@ ATL,16.00,4.60,1.17,1.42,2.79,0.50,0.07,1.70,0.43,0.24,0.11,1.60,2.24,0.00,0.00,3500,10,3100,5000,0,37600,0,4700,3300,PG,PG,PG,PG;SG,,,,G,G
3642,Teletovic,Mirza,PHO,PF,DEN,12.00,5.75,1.30,2.32,0.61,0.25,0.21,0.48,0.74,0.37,0.16,2.04,2.35,0.00,0.00,4000,12,4100,6650,0,47900,0,6600,3850,PF,SF,SF,SF;PF,,,,F,F
2151,Barbosa,Leandro,GSW,SG,UTA,13.00,5.41,0.66,1.17,1.53,0.59,0.13,0.72,1.51,0.40,0.11,2.17,2.66,0.00,0.00,3500,10,3200,5000,0,35000,0,4400,3500,SG,SG,PG,PG;SG,,,,G,G
3976,Sampson,JaKarr,PHI,SF,@ MIL,14.00,5.69,0.20,2.31,0.72,0.38,0.27,1.04,1.83,1.44,0.66,2.03,2.27,0.00,0.00,3600,10,3200,5000,0,36000,0,4300,3400,SF,SG,SF,SG;SF,,,,F,F
2484,Villanueva,Charlie,DAL,PF,@ BKN,11.00,5.88,1.02,2.50,0.29,0.27,0.19,0.47,1.32,0.20,0.10,2.33,3.24,0.00,0.00,3500,10,3100,5000,0,35000,0,4200,3500,PF,PF,PF,PF,,,,F,F
2808,Arthur,Darrell,DEN,PF,@ PHO,14.00,4.00,0.19,2.44,0.74,0.81,0.32,0.65,1.55,0.32,0.11,1.74,2.71,0.00,0.00,3600,10,3900,5150,0,45900,0,5700,3800,PF,PF,PF,PF;C,,,,F,F
3027,Jerebko,Jonas,BOS,PF,@ CHA,14.00,3.91,0.37,3.20,0.93,0.39,0.19,0.78,1.11,0.59,0.12,1.48,2.10,0.00,0.00,3700,10,3300,5000,0,35000,0,3700,3300,PF,SF,PF,SF;PF,,,,F,F
2596,Foye,Randy,DEN,SG,@ PHO,15.00,5.71,1.16,1.36,1.29,0.48,0.13,1.01,0.76,0.69,0.12,1.93,2.69,0.00,0.00,3800,10,3500,6400,0,47000,0,4900,3700,SG,SG,PG,PG;SG,,,,G,G
3406,Williams,Derrick,NYK,PF,@ CLE,13.00,6.10,0.49,1.89,0.62,0.26,0.05,0.44,1.54,1.56,0.63,2.03,2.77,0.00,0.00,3500,10,3100,5800,0,42300,0,5000,3700,PF,PF,SF,SF;PF,,,,F,F
2467,Price,Ronnie,PHO,PG,DEN,14.00,3.56,0.71,0.96,2.26,0.81,0.15,0.64,0.46,0.53,0.12,1.16,2.22,0.00,0.00,3500,10,3100,5000,0,37500,0,4000,3500,PG,PG,PG,PG;SG,,,,G,G
3945,Powell,Dwight,DAL,PF,@ BKN,10.00,4.43,0.03,2.76,0.45,0.35,0.22,0.40,1.68,0.97,0.34,1.71,1.53,0.00,0.00,3800,12,4000,6400,0,56800,0,7400,4000,PF,PF,PF,PF,,,,F,F
3658,Reed,Willie,BKN,PF,DAL,9.00,3.53,0.00,3.57,0.23,0.27,0.40,0.35,1.35,0.82,0.46,1.35,1.23,0.00,0.00,0,10,3000,5000,0,35000,0,3700,3300,PF,SF,PF,SF;PF,,,,F,F
2416,Bass,Brandon,LAL,PF,OKC,13.00,4.06,0.00,2.79,0.65,0.26,0.26,0.53,1.66,0.75,0.17,1.66,1.79,0.00,0.00,3500,10,3400,5800,0,38200,0,4800,3500,PF,PF,PF,PF;C,,,,F,F
3582,Sacre,Robert,LAL,C,OKC,15.00,3.66,0.00,2.42,0.65,0.36,0.56,0.54,1.50,0.66,0.33,1.50,2.32,0.00,0.00,3500,10,3200,5000,0,37200,0,4100,3400,C,C,C,C,,C,,C,C
5011,Grant,Jerian,NYK,PG,@ CLE,13.00,4.25,0.14,1.48,1.98,0.45,0.07,1.20,1.43,0.96,0.24,1.57,1.98,0.00,0.00,3500,10,3000,5150,0,35000,0,4300,3500,PG,PG,PG,PG,,,,G,G
5054,Vaughn,Rashad,MIL,SG,PHI,15.00,4.99,0.58,2.22,0.68,0.37,0.12,0.90,1.26,0.73,0.31,1.84,2.63,0.00,0.00,3500,10,3000,6400,0,35000,0,3000,3000,SG,SG,SG,SG,,,,G,G
3730,Neto,Raul,UTA,PG,@ GSW,15.00,3.88,0.31,1.06,2.13,0.94,0.02,1.52,1.14,0.69,0.34,1.44,2.76,0.00,0.00,3600,10,3200,5000,0,41000,0,4800,3500,PG,PG,PG,PG,,,,G,G
3499,Harkless,Maurice,POR,SF,@ NOR,14.00,3.85,0.31,2.41,0.73,0.51,0.26,0.71,1.11,0.68,0.51,1.43,1.95,0.00,0.00,3600,10,3200,5000,0,35000,0,4200,3400,SF,SF,SF,SF,,,,F,F
2809,Augustin,DJ,OKC,PG,@ LAL,13.00,4.05,0.73,1.16,2.02,0.36,0.02,0.84,0.59,0.67,0.13,1.32,1.71,0.00,0.00,3500,10,3100,5000,0,35000,0,3800,3500,PG,PG,PG,PG,,,,G,G
3242,Ingles,Joe,UTA,SF,@ GSW,14.00,3.78,0.70,1.57,1.44,0.53,0.09,0.74,0.73,0.22,0.06,1.43,1.95,0.00,0.00,3500,10,3000,5000,0,35000,0,3000,3300,SF,SF,SG,SG;SF,,,,G,F
3025,Lawson,Ty,HOU,PG,@ ORL,12.00,3.38,0.27,1.06,2.63,0.34,0.07,1.12,0.84,0.89,0.31,1.11,1.76,0.00,0.00,3600,10,3600,6950,0,42300,0,5500,4000,PG,PG,PG,PG,,,,G,G
5021,Holmes,Richaun,PHI,PF,@ MIL,10.00,3.16,0.17,2.70,0.38,0.13,0.66,0.48,1.02,0.64,0.25,1.18,1.27,0.00,0.00,3700,10,3400,5050,0,44100,0,5400,3750,PF,PF,PF,PF,,,,F,F
2853,Morrow,Anthony,OKC,SG,@ LAL,13.00,5.18,1.10,1.16,0.39,0.45,0.08,0.26,0.77,0.35,0.04,1.87,2.16,0.00,0.00,3500,10,3100,5000,0,35000,0,3500,3700,SG,SF,SG,SG;SF,,,,G,G
3951,Stauskas,Nik,PHI,SG,@ MIL,15.00,4.58,0.82,1.12,1.08,0.39,0.16,0.69,0.63,0.85,0.20,1.45,2.94,0.00,0.00,3500,10,3200,5200,0,35200,0,4400,3700,SG,SG,SG,SG,,,,G,G
1894,Prince,Tayshaun,MIN,SF,SAS,22.00,2.80,0.10,2.24,1.10,0.40,0.20,0.39,1.13,0.25,0.14,1.23,1.77,0.00,0.00,3500,10,3100,5000,0,35000,0,3000,3000,SF,SF,SF,SF;PF,,,,F,F
1902,Jefferson,Richard,CLE,SF,NYK,15.00,4.36,0.54,1.50,0.67,0.38,0.16,0.41,1.00,0.74,0.34,1.54,2.16,0.00,0.00,3500,10,3300,5000,0,39500,0,4800,3700,SF,SF,SF,SG;SF,,,,F,F
3955,Vonleh,Noah,POR,PF,@ NOR,12.00,2.75,0.10,3.26,0.37,0.18,0.28,0.46,0.94,0.55,0.18,1.05,1.71,0.00,0.00,3500,10,3100,5000,0,35500,0,4000,3300,PF,PF,PF,PF,,,,F,F
5018,Hezonja,Mario,ORL,SF,HOU,13.00,4.46,0.70,1.77,0.76,0.57,0.04,1.37,1.01,0.33,0.16,1.71,2.60,0.00,0.00,3500,10,3000,5000,0,35000,0,3700,3000,SF,SG,SG,SG,,,,G,G
5093,Simmons,Jonathon,SAS,SG,@ MIN,15.00,4.04,0.13,1.79,1.52,0.61,0.04,2.26,1.01,1.62,0.46,1.14,1.88,0.00,0.00,3500,10,3100,5000,0,43100,0,5000,3000,SG,SF,SF,SF,,,,F,G
5002,Booker,Devin,PHO,SG,DEN,13.00,4.30,0.47,1.05,0.86,0.30,0.22,0.44,1.19,0.51,0.14,1.66,2.19,0.00,0.00,3500,10,3100,0,0,0,0,0,0,SG,SG,SG,,,,,,
2297,Collison,Nick,OKC,PF,@ LAL,11.00,2.33,0.04,2.57,1.05,0.28,0.24,0.69,0.91,0.38,0.12,0.95,0.95,0.00,0.00,3500,10,3000,5000,0,35000,0,4100,3350,PF,PF,C,PF;C,,,,F,F
3041,Cunningham,Dante,NOR,PF,POR,14.00,2.72,0.27,2.29,0.41,0.35,0.37,0.20,0.83,0.26,0.18,1.09,1.41,0.00,0.00,3500,10,3100,6900,0,35000,0,4400,3300,PF,SF,SF,SF;PF,,,,F,F
3901,Anderson,Kyle,SAS,SF,@ MIN,11.00,2.07,0.09,2.05,0.82,0.49,0.25,0.34,0.73,0.34,0.19,0.82,1.57,0.00,0.00,3500,10,3100,5000,0,35000,0,3600,3000,SF,SF,SF,SF,,,,F,F
3708,Withey,Jeff,UTA,C,@ GSW,9.00,2.69,0.00,1.84,0.53,0.21,0.39,0.32,0.89,0.92,0.38,0.89,0.92,0.00,0.00,3500,10,3200,5000,0,35000,0,4200,3000,C,C,C,C,,C,,C,C
3942,Patterson,Lamar,ATL,SG,DET,11.00,3.01,0.27,0.98,1.18,0.28,0.05,0.45,0.53,1.13,0.39,0.80,1.47,0.00,0.00,3500,10,3000,5000,0,35000,0,3000,3000,SG,SG,SG,SG,,,,G,G
2339,Varejao,Anderson,CLE,C,NYK,7.00,2.48,0.00,2.10,0.41,0.20,0.12,0.25,1.05,0.38,0.15,1.05,1.03,0.00,0.00,3500,10,3000,5000,0,35000,0,3000,3500,C,C,C,PF;C,,,,C,C
3905,Brown,Markel,BKN,SG,DAL,10.00,2.42,0.22,1.40,0.52,0.36,0.18,0.30,0.62,0.52,0.10,0.84,1.64,0.00,0.00,3500,10,3100,5000,0,35000,0,3000,3500,SG,SG,SG,SG,,,,G,G
2189,Perkins,Kendrick,NOR,C,POR,8.00,1.96,0.00,2.23,0.39,0.09,0.32,0.63,0.85,0.26,0.23,0.85,0.91,0.00,0.00,3500,10,3000,5000,0,35000,0,3300,3000,C,C,C,C,,C,,C,C
3225,Smith,Ish,NOR,PG,POR,6.00,2.11,0.11,0.72,1.37,0.21,0.07,0.39,0.74,0.30,0.16,0.85,1.42,0.00,0.00,4400,18,4300,6200,0,53300,0,8200,3800,PG,PG,PG,PG,,,,G,G
3959,Young,James,BOS,SF,@ CHA,9.00,2.89,0.58,1.12,0.34,0.18,0.04,0.09,0.39,0.36,0.28,0.97,1.78,0.00,0.00,3500,10,3000,5000,0,35000,0,3000,3000,SF,SG,SG,SG,,,,G,G
3014,Hansbrough,Tyler,CHA,PF,BOS,6.00,1.88,0.00,1.59,0.17,0.20,0.13,0.10,0.61,0.65,0.28,0.61,0.67,0.00,0.00,3500,10,3000,5000,0,35000,0,3000,3200,PF,PF,PF,PF;C,,,,F,F
5022,Hunter,RJ,BOS,SG,@ CHA,7.00,2.58,0.45,0.74,0.51,0.25,0.09,0.43,0.40,0.42,0.05,0.85,1.36,0.00,0.00,3500,10,3000,5000,0,35000,0,3400,3000,SG,SG,SG,SG,,,,G,G
1960,Terry,Jason,HOU,PG,@ ORL,8.00,2.32,0.59,0.55,0.70,0.29,0.14,0.46,0.19,0.18,0.03,0.78,1.20,0.00,0.00,3500,10,3400,5000,0,36900,0,4400,3500,PG,SG,PG,PG;SG,,,,G,G
2001,Miller,Andre,MIN,PG,SAS,6.00,1.46,0.03,0.61,1.45,0.16,0.03,0.44,0.52,0.34,0.10,0.55,0.69,0.00,0.00,3500,10,3000,5000,0,35000,0,3400,3900,PG,PG,PG,PG;SG,,,,G,G
3917,Ennis,Tyler,MIL,PG,PHI,5.00,1.37,0.12,0.45,1.01,0.23,0.07,0.44,0.48,0.06,0.02,0.60,0.91,0.00,0.00,3500,10,3000,5000,0,35000,0,3000,3000,PG,PG,PG,PG,,,,G,G
3165,Seraphin,Kevin,NYK,PF,@ CLE,5.00,1.74,0.00,0.91,0.32,0.07,0.21,0.36,0.76,0.23,0.08,0.76,0.83,0.00,0.00,3500,10,3100,5000,0,35000,0,4000,3000,PF,PF,PF,PF;C,,,,F,C
3938,Napier,Shabazz,ORL,PG,HOU,5.00,1.48,0.23,0.46,0.95,0.25,0.02,0.54,0.30,0.20,0.06,0.53,0.93,0.00,0.00,3500,10,3500,5000,0,35000,0,3500,3500,PG,PG,PG,PG,,,,G,G
3943,Payne,Adreian,MIN,PF,SAS,6.00,1.58,0.02,1.21,0.22,0.17,0.05,0.35,0.67,0.18,0.09,0.69,1.07,0.00,0.00,3500,10,3000,5000,0,35000,0,3000,3600,PF,PF,PF,PF,,,,F,F
3127,Bjelica,Nemanja,MIN,SF,SAS,5.00,1.26,0.24,1.05,0.32,0.12,0.06,0.18,0.22,0.10,0.07,0.46,0.59,0.00,0.00,3500,10,3300,5000,0,35000,0,4700,3800,SF,PF,PF,PF,,,,F,F
2192,Butler,Rasual,SAS,SF,@ MIN,5.00,1.59,0.25,0.70,0.25,0.11,0.11,0.12,0.35,0.12,0.04,0.60,0.87,0.00,0.00,3500,10,3000,5000,0,35000,0,3000,3000,SF,SG,SG,SG;SF,,,,G,F
2864,Thompson,Jason,GSW,PF,UTA,4.00,1.03,0.00,1.09,0.19,0.08,0.12,0.16,0.42,0.19,0.12,0.42,0.50,0.00,0.00,3500,10,3000,5000,0,35000,0,3000,3400,PF,PF,PF,PF;C,,,,F,F
3960,Rudez,Damjan,MIN,SF,SAS,7.00,2.07,0.44,0.29,0.29,0.08,0.01,0.35,0.35,0.05,0.01,0.79,0.91,0.00,0.00,3500,10,3000,5000,0,35000,0,3000,3000,SF,SG,SF,SG;SF,,,,G,F
2301,Vujacic,Sasha,NYK,SG,@ CLE,4.00,1.35,0.19,0.54,0.32,0.12,0.02,0.21,0.30,0.18,0.04,0.49,0.75,0.00,0.00,3500,10,3000,5000,0,35000,0,3300,3500,SG,SG,SG,SG,,,,G,G
3759,Clark,Ian,GSW,SG,UTA,4.00,1.45,0.20,0.33,0.27,0.15,0.06,0.18,0.31,0.22,0.04,0.51,0.96,0.00,0.00,3500,10,3000,5000,0,35000,0,3000,3300,SG,SG,SG,PG;SG,,,,G,G
3394,Singler,Kyle,OKC,SF,@ LAL,5.00,1.13,0.22,0.65,0.15,0.16,0.05,0.22,0.17,0.14,0.05,0.38,0.71,0.00,0.00,3500,10,3000,5000,0,35000,0,3000,3500,SF,SG,SF,SG;SF,,,,F,F
3248,Millsap,Elijah,UTA,SF,@ GSW,4.00,0.80,0.09,0.65,0.26,0.22,0.08,0.29,0.17,0.20,0.09,0.26,0.57,0.00,0.00,3500,10,3000,5000,0,35000,0,3000,3600,SF,SG,SG,SG;SF,,,,G,F
3160,Evans,Jeremy,DAL,PF,@ BKN,3.00,0.91,0.02,0.72,0.11,0.11,0.10,0.09,0.37,0.11,0.04,0.39,0.34,0.00,0.00,3500,10,3000,5000,0,35000,0,3000,3300,PF,SF,SF,SF;PF,,,,F,F
4023,McAdoo,James,GSW,PF,UTA,2.00,0.84,0.00,0.45,0.02,0.07,0.12,0.06,0.31,0.22,0.17,0.31,0.30,0.00,0.00,3500,10,3000,5000,0,35000,0,3000,3000,PF,PF,PF,PF,,,,F,F
3695,Hill,Solomon,IND,SG,SAC,0.00,0.00,0.00,0.00,0.00,0.00,0.00,0.00,0.00,0.00,0.00,0.00,0.00,0.00,0.00,3500,10,3000,5000,0,35000,0,3000,3000,SG,SG,SF,SG;SF,,,,G,F
2766,Wright,Brandan,MEM,C,@ WAS,,0.00,,0.00,,,,,0.00,,0.00,,0.00,0.00,0.00,3700,10,3200,6400,0,56100,0,6600,3600,C,PF,PF,PF;C,,,,F,F
3719,Goodwin,Archie,PHO,PG,DEN,0.00,0.00,0.00,0.00,0.00,0.00,0.00,0.00,0.00,0.00,0.00,0.00,0.00,0.00,0.00,3500,10,3000,5000,0,35900,0,4900,3000,PG,SG,SG,PG;SG,,,,G,G
5020,Hollis-Jefferson,Rondae,BKN,SF,DAL,,0.00,,0.00,,,,,0.00,,0.00,,0.00,0.00,0.00,4000,10,4600,6550,0,65400,0,8000,3950,SF,SG,SG,SG;SF,,,,F,F
3696,Bullock,Reggie,DET,SF,@ ATL,0.00,0.00,0.00,0.00,0.00,0.00,0.00,0.00,0.00,0.00,0.00,0.00,0.00,0.00,0.00,3500,10,3000,5000,0,35000,0,3000,3300,SF,SG,SF,SG;SF,,,,G,G
1909,Carter,Vince,MEM,SF,@ WAS,0.00,0.00,0.00,0.00,0.00,0.00,0.00,0.00,0.00,0.00,0.00,0.00,0.00,0.00,0.00,3500,10,3000,5000,0,35000,0,4700,3500,SF,SG,SG,SG;SF,,,,F,G
3812,Marjanovic,Boban,SAS,C,@ MIN,0.00,0.00,0.00,0.00,0.00,0.00,0.00,0.00,0.00,0.00,0.00,0.00,0.00,0.00,0.00,3500,10,3000,5000,0,35000,0,4400,3000,C,C,C,C,,C,,C,C
2835,Hickson,JJ,DEN,PF,@ PHO,0.00,0.00,0.00,0.00,0.00,0.00,0.00,0.00,0.00,0.00,0.00,0.00,0.00,0.00,0.00,4000,10,3800,6850,0,65200,0,7300,4000,PF,PF,PF,PF;C,,,,F,C
3980,Black,Tarik,LAL,C,OKC,0.00,0.00,0.00,0.00,0.00,0.00,0.00,0.00,0.00,0.00,0.00,0.00,0.00,0.00,0.00,3500,10,3000,5000,0,38900,0,4200,3000,C,PF,C,PF;C,,C,,C,F
3683,Karasev,Sergey,BKN,SF,DAL,0.00,0.00,0.00,0.00,0.00,0.00,0.00,0.00,0.00,0.00,0.00,0.00,0.00,0.00,0.00,3500,10,3000,5000,0,35000,0,3000,3100,SF,SG,SF,SG;SF,,,,G,G
3863,Curry,Seth,SAC,SG,@ IND,0.00,0.00,0.00,0.00,0.00,0.00,0.00,0.00,0.00,0.00,0.00,0.00,0.00,0.00,0.00,3500,10,3000,5000,0,35000,0,3000,3000,SG,PG,PG,PG,,,,G,G
5028,Looney,Kevon,GSW,PF,UTA,,0.00,,0.00,,,,,0.00,,0.00,,0.00,0.00,0.00,0,10,3000,5000,0,50000,0,6500,3000,PF,PF,PF,PF,,,,F,F
1941,Gooden,Drew,WAS,PF,MEM,0.00,0.00,0.00,0.00,0.00,0.00,0.00,0.00,0.00,0.00,0.00,0.00,0.00,0.00,0.00,3500,10,3000,5200,0,43000,0,5300,3000,PF,PF,PF,PF;C,,,,F,F
5001,Anderson,Justin,DAL,SF,@ BKN,0.00,0.00,0.00,0.00,0.00,0.00,0.00,0.00,0.00,0.00,0.00,0.00,0.00,0.00,0.00,3500,10,3000,5000,0,35000,0,3000,3000,SF,SF,SF,SF,,,,F,G
3639,Zeller,Tyler,BOS,C,@ CHA,0.00,0.00,0.00,0.00,0.00,0.00,0.00,0.00,0.00,0.00,0.00,0.00,0.00,0.00,0.00,3600,10,3300,5000,0,35000,0,4300,3500,C,PF,C,PF;C,,C,,C,C
2002,Hilario,Nene,WAS,PF,MEM,,0.00,,0.00,,,,,0.00,,0.00,,0.00,0.00,0.00,4100,10,3900,7650,0,62200,0,7500,3800,PF,PF,PF,PF;C,,,,F,F
1883,World Peace,Metta,LAL,SF,OKC,0.00,0.00,0.00,0.00,0.00,0.00,0.00,0.00,0.00,0.00,0.00,0.00,0.00,0.00,0.00,3500,10,3300,5000,0,37300,0,4600,3300,SF,SF,SF,SF;PF,,,,F,F
3774,Dedmon,Dewayne,ORL,C,HOU,0.00,0.00,0.00,0.00,0.00,0.00,0.00,0.00,0.00,0.00,0.00,0.00,0.00,0.00,0.00,3500,10,3100,5000,0,35000,0,4700,3400,C,C,C,C,,C,,C,C
3729,Gobert,Rudy,UTA,C,@ GSW,,0.00,,0.00,,,,,0.00,,0.00,,0.00,0.00,0.00,7100,27,6200,13100,0,108500,0,13700,5150,C,C,C,C,,C,,C,C
3771,Daniels,Troy,CHA,SG,BOS,0.00,0.00,0.00,0.00,0.00,0.00,0.00,0.00,0.00,0.00,0.00,0.00,0.00,0.00,0.00,3500,10,3000,5000,0,35000,0,3000,3300,SG,PG,PG,PG,,,,G,G
2710,Chandler,Wilson,DEN,SF,@ PHO,,0.00,,0.00,,,,,0.00,,0.00,,0.00,0.00,0.00,0,24,5500,5000,0,92600,0,14400,4000,SF,SG,SF,SG;SF,,,,F,F
2735,Landry,Carl,PHI,PF,@ MIL,,0.00,,0.00,,,,,0.00,,0.00,,0.00,0.00,0.00,0,10,3000,5000,0,45300,0,5300,3500,PF,SF,PF,SF;PF,,,,F,F
3709,Hardaway Jr,Tim,ATL,SG,DET,0.00,0.00,0.00,0.00,0.00,0.00,0.00,0.00,0.00,0.00,0.00,0.00,0.00,0.00,0.00,3500,10,3000,5000,0,39500,0,3700,3700,SG,SG,SG,SG;SF,,,,G,G
3724,McCallum,Ray,SAS,PG,@ MIN,0.00,0.00,0.00,0.00,0.00,0.00,0.00,0.00,0.00,0.00,0.00,0.00,0.00,0.00,0.00,3600,10,3000,5000,0,35000,0,3000,3500,PG,PG,PG,PG,,,,G,G
3953,Tavares,Walter,ATL,C,DET,0.00,0.00,0.00,0.00,0.00,0.00,0.00,0.00,0.00,0.00,0.00,0.00,0.00,0.00,0.00,3500,10,3000,5000,0,38000,0,3300,3000,C,C,C,C,,C,,C,C
3636,Wroten,Tony,PHI,PG,@ MIL,,0.00,,0.00,,,,,0.00,,0.00,,0.00,0.00,0.00,5200,17,4000,7000,0,59800,0,5700,3950,PG,SG,PG,PG;SG,,,,G,G
2871,Weems,Sonny,PHO,SF,DEN,0.00,0.00,0.00,0.00,0.00,0.00,0.00,0.00,0.00,0.00,0.00,0.00,0.00,0.00,0.00,3500,10,3000,5000,0,35000,0,3000,3000,SF,SG,SG,SG;SF,,,,G,G
3697,Kelly,Ryan,LAL,SF,OKC,0.00,0.00,0.00,0.00,0.00,0.00,0.00,0.00,0.00,0.00,0.00,0.00,0.00,0.00,0.00,3500,10,3000,5000,0,39500,0,4900,3000,SF,SF,SF,SF;PF,,,,F,F
3700,Ennis,James,MEM,SF,@ WAS,0.00,0.00,0.00,0.00,0.00,0.00,0.00,0.00,0.00,0.00,0.00,0.00,0.00,0.00,0.00,3500,10,3100,5000,0,35000,0,0,3300,SF,SF,SG,SG;SF,,,,F,F
3933,McDaniels,KJ,HOU,SF,@ ORL,0.00,0.00,0.00,0.00,0.00,0.00,0.00,0.00,0.00,0.00,0.00,0.00,0.00,0.00,0.00,3500,10,3000,5000,0,35000,0,3000,3200,SF,SF,SF,SF,,,,G,G
2811,Bayless,Jerryd,MIL,PG,PHI,,0.00,,0.00,,,,,0.00,,0.00,,0.00,0.00,0.00,4600,20,4900,9450,0,85700,0,9400,4300,PG,SG,PG,PG;SG,,,,G,G
3672,Muscala,Mike,ATL,PF,DET,0.00,0.00,0.00,0.00,0.00,0.00,0.00,0.00,0.00,0.00,0.00,0.00,0.00,0.00,0.00,3500,10,3200,5000,0,35000,0,4000,3500,PF,PF,C,PF;C,,,,C,F
3731,Porter,Otto,WAS,SF,MEM,,0.00,,0.00,,,,,0.00,,0.00,,0.00,0.00,0.00,5700,24,5800,9600,0,87200,0,10400,4400,SF,SF,SF,SF,,,,F,F
3427,Acy,Quincy,SAC,PF,@ IND,0.00,0.00,0.00,0.00,0.00,0.00,0.00,0.00,0.00,0.00,0.00,0.00,0.00,0.00,0.00,3500,10,3000,5000,0,35000,0,3000,3300,PF,PF,PF,SF;PF,,,,F,F
5047,Rozier,Terry,BOS,PG,@ CHA,0.00,0.00,0.00,0.00,0.00,0.00,0.00,0.00,0.00,0.00,0.00,0.00,0.00,0.00,0.00,3500,10,3000,5000,0,35000,0,3000,3000,PG,PG,PG,PG,,,,G,G
5040,Payne,Cameron,OKC,PG,@ LAL,0.00,0.00,0.00,0.00,0.00,0.00,0.00,0.00,0.00,0.00,0.00,0.00,0.00,0.00,0.00,3500,10,3000,5000,0,35000,0,3000,3000,PG,PG,PG,PG,,,,G,G
2285,Jefferson,Al,CHA,C,BOS,,0.00,,0.00,,,,,0.00,,0.00,,0.00,0.00,0.00,6500,22,6200,11650,0,95800,0,11700,5000,C,PF,C,PF;C,,C,,C,C
5053,Turner,Myles,IND,PF,SAC,,0.00,,0.00,,,,,0.00,,0.00,,0.00,0.00,0.00,3500,10,3200,5500,0,39000,0,5100,3550,PF,C,C,C,,,,C,C
2307,Harris,Devin,DAL,SG,@ BKN,,0.00,,0.00,,,,,0.00,,0.00,,0.00,0.00,0.00,3500,10,3600,6700,0,52600,0,6200,3800,SG,SG,PG,PG;SG,,,,G,G
5031,McCullough,Chris,BKN,PF,DAL,,0.00,,0.00,,,,,0.00,,0.00,,0.00,0.00,0.00,0,10,3000,5000,0,50000,0,6700,3000,,PF,PF,PF,,,,F,F
3506,Holiday,Justin,ATL,SG,DET,0.00,0.00,0.00,0.00,0.00,0.00,0.00,0.00,0.00,0.00,0.00,0.00,0.00,0.00,0.00,3500,10,3000,5000,0,35000,0,3000,3600,SG,SG,SG,SG;SF,,,,G,G
5059,Young,Joseph,IND,SG,SAC,0.00,0.00,0.00,0.00,0.00,0.00,0.00,0.00,0.00,0.00,0.00,0.00,0.00,0.00,0.00,3500,10,3000,0,0,35000,0,0,3000,SG,PG,SG,,,,,,G
5032,Mickey,Jordan,BOS,PF,@ CHA,0.00,0.00,0.00,0.00,0.00,0.00,0.00,0.00,0.00,0.00,0.00,0.00,0.00,0.00,0.00,3500,10,3000,5000,0,41000,0,3800,3000,PF,PF,PF,PF,,,,F,F
5008,Dekker,Sam,HOU,SF,@ ORL,,0.00,,0.00,,,,,0.00,,0.00,,0.00,0.00,0.00,3500,10,3000,5000,0,41000,0,3500,3000,SF,SF,SF,SF,,,,F,F
5014,Harrell,Montrezl,HOU,PF,@ ORL,0.00,0.00,0.00,0.00,0.00,0.00,0.00,0.00,0.00,0.00,0.00,0.00,0.00,0.00,0.00,3500,10,3000,5900,0,35000,0,3000,3550,PF,PF,PF,PF,,,,F,F
5005,Christmas,Rakeem,IND,PF,SAC,0.00,0.00,0.00,0.00,0.00,0.00,0.00,0.00,0.00,0.00,0.00,0.00,0.00,0.00,0.00,3500,10,3000,5000,0,50000,0,4400,3000,PF,PF,PF,PF,,,,F,F
5006,Connaughton,Pat,POR,SG,@ NOR,0.00,0.00,0.00,0.00,0.00,0.00,0.00,0.00,0.00,0.00,0.00,0.00,0.00,0.00,0.00,3500,10,3000,5000,0,35000,0,3000,3000,SG,SG,SF,SG;SF,,,,G,G
5019,Hilliard,Darrun,DET,SG,@ ATL,0.00,0.00,0.00,0.00,0.00,0.00,0.00,0.00,0.00,0.00,0.00,0.00,0.00,0.00,0.00,3500,10,3000,5000,0,35000,0,3000,3000,SG,SG,SG,SG,,,,G,G
3516,Jenkins,John,DAL,SG,@ BKN,0.00,0.00,0.00,0.00,0.00,0.00,0.00,0.00,0.00,0.00,0.00,0.00,0.00,0.00,0.00,3500,10,3000,5000,0,35000,0,3000,3600,SG,SG,SG,SG;SF,,,,G,G
5030,Martin,Jarell,MEM,PF,@ WAS,0.00,0.00,0.00,0.00,0.00,0.00,0.00,0.00,0.00,0.00,0.00,0.00,0.00,0.00,0.00,3500,10,3000,5000,0,47000,0,3000,3000,PF,PF,PF,PF,,,,F,F
4103,Whittington,Shayne,IND,C,SAC,0.00,0.00,0.00,0.00,0.00,0.00,0.00,0.00,0.00,0.00,0.00,0.00,0.00,0.00,0.00,3500,10,3000,5000,0,35000,0,3300,3000,C,C,C,C,,,,C,F
5025,Jones,Tyus,MIN,PG,SAS,0.00,0.00,0.00,0.00,0.00,0.00,0.00,0.00,0.00,0.00,0.00,0.00,0.00,0.00,0.00,3500,10,3000,5000,0,44000,0,3500,3000,PG,PG,PG,PG,,,,G,G
5075,Harrison,Aaron,CHA,PG,BOS,0.00,0.00,0.00,0.00,0.00,0.00,0.00,0.00,0.00,0.00,0.00,0.00,0.00,0.00,0.00,3500,10,3000,5000,0,35000,0,3000,3000,PG,PG,PG,PG,,,,G,G
2574,Amundson,Louis,NYK,PF,@ CLE,0.00,0.00,0.00,0.00,0.00,0.00,0.00,0.00,0.00,0.00,0.00,0.00,0.00,0.00,0.00,3500,10,3000,5000,0,35000,0,3300,3000,PF,PF,PF,PF,,,,F,F
3643,Cunningham,Jared,CLE,SG,NYK,0.00,0.00,0.00,0.00,0.00,0.00,0.00,0.00,0.00,0.00,0.00,0.00,0.00,0.00,0.00,3500,10,3100,5000,0,35000,0,3000,3500,SG,SG,SG,PG;SG,,,,G,G
3337,Pekovic,Nikola,MIN,C,SAS,,0.00,,0.00,,,,,0.00,,0.00,,0.00,0.00,0.00,4800,18,3200,5000,0,78600,0,10800,4000,C,C,C,C,,C,,C,C
5197,Huertas,Marcelo,LAL,PG,OKC,0.00,0.00,0.00,0.00,0.00,0.00,0.00,0.00,0.00,0.00,0.00,0.00,0.00,0.00,0.00,3500,10,3000,5000,0,35000,0,3400,3500,PG,PG,PG,PG,,,,G,G
3381,Mack,Shelvin,ATL,PG,DET,0.00,0.00,0.00,0.00,0.00,0.00,0.00,0.00,0.00,0.00,0.00,0.00,0.00,0.00,0.00,3500,10,3000,5000,0,35000,0,3900,3500,PG,PG,PG,PG,,,,G,G
3439,Beal,Bradley,WAS,SG,MEM,,0.00,,0.00,,,,,0.00,,0.00,,0.00,0.00,0.00,7200,34,7200,12900,0,112400,0,12100,5000,SG,SG,SG,SG,,,,G,G
3435,Barnes,Harrison,GSW,SF,UTA,,0.00,,0.00,,,,,0.00,,0.00,,0.00,0.00,0.00,5200,21,5600,9900,0,83000,0,10400,4300,SF,SF,SF,SF;PF,,,,F,F
3648,Papanikolaou,Kostas,DEN,SF,@ PHO,0.00,0.00,0.00,0.00,0.00,0.00,0.00,0.00,0.00,0.00,0.00,0.00,0.00,0.00,0.00,3500,10,3000,5000,0,35000,0,0,3100,SF,SF,SF,SF;PF,,,,F,F
3455,Copeland,Chris,MIL,SF,PHI,0.00,0.00,0.00,0.00,0.00,0.00,0.00,0.00,0.00,0.00,0.00,0.00,0.00,0.00,0.00,3500,10,3000,6600,0,35000,0,3000,3000,SF,SF,PF,SF;PF,,,,F,F
2412,Anderson,Alan,WAS,SG,MEM,,0.00,,0.00,,,,,0.00,,0.00,,0.00,0.00,0.00,3500,10,3000,5000,0,48100,0,7400,3500,SG,SG,SG,SG;SF,,,,G,G
3002,Jennings,Brandon,DET,PG,@ ATL,0.00,0.00,0.00,0.00,0.00,0.00,0.00,0.00,0.00,0.00,0.00,0.00,0.00,0.00,0.00,6000,25,4000,5000,0,103600,0,15200,4000,PG,PG,PG,PG,,,,G,G
2084,Miller,Mike,DEN,SF,@ PHO,0.00,0.00,0.00,0.00,0.00,0.00,0.00,0.00,0.00,0.00,0.00,0.00,0.00,0.00,0.00,3500,10,3100,5000,0,35000,0,3000,3000,SF,SG,SG,SG;SF,,,,G,F
5083,Alexander,Cliff,POR,PF,@ NOR,0.00,0.00,0.00,0.00,0.00,0.00,0.00,0.00,0.00,0.00,0.00,0.00,0.00,0.00,0.00,3500,10,3000,5000,0,35000,0,3000,3000,PF,PF,PF,PF,,,,F,F
5004,Cauley-Stein,Willie,SAC,C,@ IND,,0.00,,0.00,,,,,0.00,,0.00,,0.00,0.00,0.00,3600,10,3300,5950,0,51400,0,6600,3800,C,C,C,C,,C,,C,F
3276,Sloan,Donald,BKN,PG,DAL,0.00,0.00,0.00,0.00,0.00,0.00,0.00,0.00,0.00,0.00,0.00,0.00,0.00,0.00,0.00,3500,10,3100,5000,0,35000,0,4600,3500,PG,SG,PG,PG;SG,,,,G,G
5145,Wood,Christian,PHI,PF,@ MIL,0.00,0.00,0.00,0.00,0.00,0.00,0.00,0.00,0.00,0.00,0.00,0.00,0.00,0.00,0.00,3500,10,3000,5000,0,35000,0,3300,3000,PF,C,PF,PF;C,,,,F,F
5168,Montero,Luis,POR,SF,@ NOR,0.00,0.00,0.00,0.00,0.00,0.00,0.00,0.00,0.00,0.00,0.00,0.00,0.00,0.00,0.00,3500,10,3000,5000,0,41000,0,3000,3000,SF,SF,SF,SF,,,,F,G
3947,Robinson III,Glenn,IND,SF,SAC,0.00,0.00,0.00,0.00,0.00,0.00,0.00,0.00,0.00,0.00,0.00,0.00,0.00,0.00,0.00,3500,10,3000,5000,0,35000,0,3000,0,SF,SF,SF,SF,,,,F,
5134,Dukan,Duje,SAC,PF,@ IND,0.00,0.00,0.00,0.00,0.00,0.00,0.00,0.00,0.00,0.00,0.00,0.00,0.00,0.00,0.00,3500,10,3000,5000,0,0,0,4000,3000,PF,SF,SF,SF,,,,F,F
3518,Johnson,Chris,UTA,SG,@ GSW,0.00,0.00,0.00,0.00,0.00,0.00,0.00,0.00,0.00,0.00,0.00,0.00,0.00,0.00,0.00,3500,10,3000,5000,0,35000,0,3000,3000,SG,SF,SF,SF;PF,,,,F,F
2805,Ajinca,Alexis,NOR,C,POR,,0.00,,0.00,,,,,0.00,,0.00,,0.00,0.00,0.00,3500,10,3400,5750,0,45400,0,5000,3500,C,C,C,PF;C,,C,,C,C
3579,Robinson,Thomas,BKN,PF,DAL,0.00,0.00,0.00,0.00,0.00,0.00,0.00,0.00,0.00,0.00,0.00,0.00,0.00,0.00,0.00,3500,10,3000,5000,0,35000,0,3600,3700,PF,PF,PF,PF;C,,,,F,F
3927,Inglis,Damien,MIL,SF,PHI,0.00,0.00,0.00,0.00,0.00,0.00,0.00,0.00,0.00,0.00,0.00,0.00,0.00,0.00,0.00,3500,10,3000,5000,0,35000,0,3000,3000,SF,SF,SF,SF,,,,F,F
3928,Jefferson,Cory,PHO,PF,DEN,0.00,0.00,0.00,0.00,0.00,0.00,0.00,0.00,0.00,0.00,0.00,0.00,0.00,0.00,0.00,3500,10,3000,5000,0,35000,0,3000,3000,PF,PF,PF,PF,,,,F,F
3577,Roberts,Brian,CHA,PG,BOS,0.00,0.00,0.00,0.00,0.00,0.00,0.00,0.00,0.00,0.00,0.00,0.00,0.00,0.00,0.00,3500,10,3000,5000,0,35000,0,3000,3500,PG,SG,PG,PG;SG,,,,G,G
2787,Watson,CJ,ORL,PG,HOU,,0.00,,0.00,,,,,0.00,,0.00,,0.00,0.00,0.00,3600,16,3100,5900,0,57600,0,5800,3500,PG,PG,PG,PG,,,,G,G
3030,Meeks,Jodie,DET,SG,@ ATL,,0.00,,0.00,,,,,0.00,,0.00,,0.00,0.00,0.00,3600,10,3000,5000,0,46300,0,5800,3500,SG,SG,SG,SG,,,,G,G
2357,Bonner,Matt,SAS,C,@ MIN,0.00,0.00,0.00,0.00,0.00,0.00,0.00,0.00,0.00,0.00,0.00,0.00,0.00,0.00,0.00,3500,10,3000,5000,0,35000,0,3000,3000,C,PF,PF,PF;C,,C,,C,F
3024,Blair,DeJuan,WAS,C,MEM,0.00,0.00,0.00,0.00,0.00,0.00,0.00,0.00,0.00,0.00,0.00,0.00,0.00,0.00,0.00,3500,10,3100,5000,0,35000,0,3000,3000,C,C,C,PF;C,,C,,F,C
3926,Huestis,Josh,OKC,SF,@ LAL,0.00,0.00,0.00,0.00,0.00,0.00,0.00,0.00,0.00,0.00,0.00,0.00,0.00,0.00,0.00,0,10,3000,5000,0,50000,0,3100,3000,SF,SF,SF,SF,,,,F,F
2046,Kaman,Chris,POR,C,@ NOR,0.00,0.00,0.00,0.00,0.00,0.00,0.00,0.00,0.00,0.00,0.00,0.00,0.00,0.00,0.00,3700,10,3000,5000,0,59000,0,8100,3500,C,PF,C,PF;C,,C,,C,C
3900,Adams,Jordan,MEM,SG,@ WAS,0.00,0.00,0.00,0.00,0.00,0.00,0.00,0.00,0.00,0.00,0.00,0.00,0.00,0.00,0.00,3500,10,3000,5000,0,35000,0,3700,3000,SG,SG,SG,SG,,,,G,G
3935,McGary,Mitch,OKC,PF,@ LAL,0.00,0.00,0.00,0.00,0.00,0.00,0.00,0.00,0.00,0.00,0.00,0.00,0.00,0.00,0.00,3500,10,3000,5000,0,35000,0,3200,3300,PF,PF,PF,PF;C,,,,C,F
2703,Anthony,Joel,DET,C,@ ATL,0.00,0.00,0.00,0.00,0.00,0.00,0.00,0.00,0.00,0.00,0.00,0.00,0.00,0.00,0.00,3500,10,3000,5000,0,35000,0,3000,3300,C,PF,PF,PF;C,,C,,C,C
3949,Smart,Marcus,BOS,PG,@ CHA,,0.00,,0.00,,,,,0.00,,0.00,,0.00,0.00,0.00,5300,18,4700,9250,0,76300,0,9100,4000,PG,PG,PG,PG,,,,G,G
3915,Early,Cleanthony,NYK,SF,@ CLE,0.00,0.00,0.00,0.00,0.00,0.00,0.00,0.00,0.00,0.00,0.00,0.00,0.00,0.00,0.00,3500,10,3000,5000,0,35000,0,3000,3300,SF,SF,SF,SF,,,,F,F
3924,Harris,Joe,CLE,SG,NYK,0.00,0.00,0.00,0.00,0.00,0.00,0.00,0.00,0.00,0.00,0.00,0.00,0.00,0.00,0.00,3500,10,3000,5000,0,35000,0,3000,3300,SG,SG,SG,SG,,,,G,G
3913,Marble,Devyn,ORL,SG,HOU,0.00,0.00,0.00,0.00,0.00,0.00,0.00,0.00,0.00,0.00,0.00,0.00,0.00,0.00,0.00,3500,10,3000,5000,0,35000,0,3000,3300,SG,SG,SF,SG;SF,,,,F,G
3914,Dinwiddie,Spencer,DET,PG,@ ATL,0.00,0.00,0.00,0.00,0.00,0.00,0.00,0.00,0.00,0.00,0.00,0.00,0.00,0.00,0.00,3500,10,3000,5000,0,35000,0,3000,3500,PG,PG,PG,PG,,,,G,G
3950,Smith,Russ,MEM,PG,@ WAS,0.00,0.00,0.00,0.00,0.00,0.00,0.00,0.00,0.00,0.00,0.00,0.00,0.00,0.00,0.00,3500,10,3000,5000,0,35000,0,3000,3000,PG,PG,PG,PG,,,,G,G
3542,Lillard,Damian,POR,PG,@ NOR,,0.00,,0.00,,,,,0.00,,0.00,,0.00,0.00,0.00,9000,46,8800,16700,0,142900,0,16100,6000,PG,PG,PG,PG,,,,G,G
3142,Pleiss,Tibor,UTA,C,@ GSW,0.00,0.00,0.00,0.00,0.00,0.00,0.00,0.00,0.00,0.00,0.00,0.00,0.00,0.00,0.00,3500,10,3000,5000,0,38000,0,3000,3000,C,C,C,C,,C,,C,C
3137,Pondexter,Quincy,NOR,SF,POR,,0.00,,0.00,,,,,0.00,,0.00,,0.00,0.00,0.00,3900,16,3000,5000,0,47500,0,7900,3300,SF,SG,SF,SG;SF,,,,F,G
3939,Nurkic,Jusuf,DEN,C,@ PHO,,0.00,,0.00,,,,,0.00,,0.00,,0.00,0.00,0.00,4000,15,5000,5000,0,67400,0,15500,4000,C,C,C,C,,C,,C,C
3150,Babbitt,Luke,NOR,SF,POR,0.00,0.00,0.00,0.00,0.00,0.00,0.00,0.00,0.00,0.00,0.00,0.00,0.00,0.00,0.00,3500,10,3000,5000,0,35000,0,3600,3400,SF,SG,SF,SF,,,,F,F
3155,Anderson,James,SAC,SG,@ IND,0.00,0.00,0.00,0.00,0.00,0.00,0.00,0.00,0.00,0.00,0.00,0.00,0.00,0.00,0.00,3500,10,3000,5000,0,35000,0,3000,3000,SG,SF,SG,SG;SF,,,,G,G
2607,Hollins,Ryan,WAS,PF,MEM,0.00,0.00,0.00,0.00,0.00,0.00,0.00,0.00,0.00,0.00,0.00,0.00,0.00,0.00,0.00,4000,10,3000,5000,0,35000,0,3000,3300,PF,C,C,C,,C,,C,C
3532,Kidd-Gilchrist,Michael,CHA,SF,BOS,,0.00,,0.00,,,,,0.00,,0.00,,0.00,0.00,0.00,0,21,3000,5000,0,85900,0,9400,3500,SF,SF,SF,SF,,,,F,F
4073,Moreland,Eric,SAC,PF,@ IND,,0.00,,0.00,,,,,0.00,,0.00,,0.00,0.00,0.00,3500,10,3000,5000,0,35000,0,3000,3000,PF,PF,PF,PF,,,,F,F
2624,Novak,Steve,OKC,SF,@ LAL,0.00,0.00,0.00,0.00,0.00,0.00,0.00,0.00,0.00,0.00,0.00,0.00,0.00,0.00,0.00,3500,10,3000,5000,0,35000,0,3000,3500,SF,SF,SF,SF;PF,,,,F,F
3054,Douglas,Toney,NOR,PG,POR,0.00,0.00,0.00,0.00,0.00,0.00,0.00,0.00,0.00,0.00,0.00,0.00,0.00,0.00,0.00,3500,10,3000,5000,0,39600,0,5300,3000,PG,SG,PG,PG;SG,,,,G,G
2142,Butler,Caron,SAC,SF,@ IND,0.00,0.00,0.00,0.00,0.00,0.00,0.00,0.00,0.00,0.00,0.00,0.00,0.00,0.00,0.00,3500,10,3000,5000,0,35000,0,3000,3000,SF,SF,SF,SF,,,,F,F
5003,Brown,Anthony,LAL,SF,OKC,0.00,0.00,0.00,0.00,0.00,0.00,0.00,0.00,0.00,0.00,0.00,0.00,0.00,0.00,0.00,3500,10,3100,5000,0,35000,0,3000,3000,SF,SF,SF,SF,,,,F,G
3567,Plumlee,Miles,MIL,C,PHI,0.00,0.00,0.00,0.00,0.00,0.00,0.00,0.00,0.00,0.00,0.00,0.00,0.00,0.00,0.00,3700,10,3300,5000,0,35000,0,4400,3500,C,PF,C,PF;C,,C,,C,C
5196,Kaun,Sasha,CLE,C,NYK,0.00,0.00,0.00,0.00,0.00,0.00,0.00,0.00,0.00,0.00,0.00,0.00,0.00,0.00,0.00,3500,10,3000,5000,0,35000,0,3000,3000,C,C,C,C,,C,,C,C
3119,Vasquez,Greivis,MIL,PG,PHI,,0.00,,0.00,,,,,0.00,,0.00,,0.00,0.00,0.00,3600,10,3500,6800,0,48500,0,6500,3500,PG,SG,PG,PG;SG,,,,G,G
2204,Jones,James,CLE,SF,NYK,0.00,0.00,0.00,0.00,0.00,0.00,0.00,0.00,0.00,0.00,0.00,0.00,0.00,0.00,0.00,3500,10,3100,5000,0,35000,0,3000,3100,SF,SG,SG,SG;SF,,,,F,F
3549,Mejri,Salah,DAL,C,@ BKN,0.00,0.00,0.00,0.00,0.00,0.00,0.00,0.00,0.00,0.00,0.00,0.00,0.00,0.00,0.00,3500,10,3000,5000,0,38000,0,3000,3000,C,C,C,C,,C,,C,C
4036,Cotton,Bryce,PHO,PG,DEN,0.00,0.00,0.00,0.00,0.00,0.00,0.00,0.00,0.00,0.00,0.00,0.00,0.00,0.00,0.00,3500,10,3000,5000,0,35000,0,3000,3000,PG,PG,PG,PG,,,,G,G
