1,9/14,Julio Jones,WR,ATL,PHI,9300,0,9000,0,5,48,10,17.07,13.91,28.5,21.5,22.97,16.72,21.17,17.47,17.1,13.85,24.0,20.0,22.8,16.45,2.5,54.5,26.0,0.0,20.017143,18.064667,5,6,4,3,6,6
1,9/13,Odell Beckham,WR,NYG,DAL,9200,0,8900,0,26,29,1,23.55,17.02,29.4,21.9,26.02,19.31,21.33,17.73,15.79,13.04,22.4,18.9,18.82,15.27,5.5,51.5,23.0,0.0,22.46,16.555556,9,2,1,6,5,1
1,9/13,Demaryius Thomas,WR,DEN,BAL,9100,0,8800,0,7,41,6,17.91,14.8,30.6,22.6,19.24,16.04,20.44,16.94,18.91,16.01,21.3,17.8,19.37,16.32,-4.5,49.0,26.75,0.0,20.7,13.3025,5,8,3,3,10,3
1,9/10,Antonio Brown,WR,PIT,NE,8900,0,9300,0,8,33,4,20.31,16.72,33.2,24.2,20.83,17.02,26.11,19.06,18.38,14.93,27.9,20.9,23.6,16.75,3.0,48.5,22.75,0.0,15.88,19.275294,8,8,0,5,9,2
1,9/13,Dez Bryant,WR,DAL,NYG,8700,0,8700,0,27,42,7,17.34,14.5,28.8,21.8,21.32,17.81,20.3,17.35,17.33,14.48,19.3,16.8,19.14,16.54,-5.5,51.5,28.5,0.0,21.113846,16.54,7,6,3,2,7,7
1,9/13,Aaron Rodgers,QB,GB,CHI,8600,0,9700,0,29,1,1,22.6,22.42,29.7,26.7,25.98,22.83,22.65,22.45,21.2,21.2,19.36,19.36,21.26,21.06,-6.5,50.0,28.25,0.0,17.98,15.994286,7,6,3,3,9,4
1,9/13,Calvin Johnson,WR,DET,SD,8500,0,8500,0,21,31,3,19.02,16.22,28.0,21.0,24.28,18.28,19.14,16.24,17.1,14.25,20.2,17.2,17.0,14.15,2.5,46.0,21.75,0.0,20.407059,17.614054,4,4,5,2,3,8
1,9/13,Andrew Luck,QB,IND,BUF,8300,0,9200,0,2,9,9,19.41,19.12,24.0,21.0,20.28,20.13,20.08,19.88,21.98,21.98,19.22,19.22,18.8,18.6,-2.5,46.0,24.25,0.0,18.945263,20.358889,7,8,1,5,9,2
1,9/13,Alshon Jeffery,WR,CHI,GB,8300,0,8400,0,20,47,9,16.52,13.67,21.5,18.0,17.32,14.42,15.11,12.46,13.35,10.75,17.06,14.31,14.65,12.15,6.5,50.0,21.75,0.0,18.945263,16.123243,6,7,3,1,9,6
1,9/13,Peyton Manning,QB,DEN,BAL,8200,0,9100,0,7,8,8,18.94,18.86,26.2,23.2,21.91,18.72,19.38,19.18,23.42,20.42,18.92,18.92,20.16,19.96,-4.5,49.0,26.75,0.0,19.877895,19.159091,3,9,4,2,10,4
1,9/13,Randall Cobb,WR,GB,CHI,8000,0,8400,0,29,30,2,19.84,16.63,23.9,19.9,20.07,16.64,21.49,18.04,16.47,13.57,20.6,17.6,19.31,15.96,-6.5,50.0,28.25,0.0,21.425217,16.123243,7,6,3,1,11,4
1,9/13,Drew Brees,QB,NO,ARI,8000,0,8900,0,10,3,3,22.78,19.53,20.9,17.9,18.12,17.95,18.48,18.28,16.46,16.46,23.53,20.53,16.38,16.18,2.5,47.0,22.25,0.0,21.425217,16.555556,5,10,1,2,11,3
1,9/13,Emmanuel Sanders,WR,DEN,BAL,7900,0,8200,0,7,78,23,13.04,10.53,28.4,20.9,15.73,12.64,15.75,13.2,14.46,11.71,15.04,12.49,16.21,13.46,-4.5,49.0,26.75,0.0,18.897391,14.355484,9,4,3,1,9,6
1,9/13,Jamaal Charles,RB,KC,HOU,7900,0,8900,0,1,17,3,18.7,17.05,19.7,18.2,19.06,17.47,19.24,17.39,16.4,15.0,18.8,17.3,18.53,16.78,1.0,40.5,19.75,0.0,18.897391,16.555556,4,5,6,2,6,7
1,9/13,A.J. Green,WR,CIN,OAK,7800,0,8300,0,22,36,5,19.07,15.8,29.2,21.7,24.21,17.57,19.51,16.31,15.48,13.18,18.8,16.3,17.91,14.71,-3.0,44.0,23.5,0.0,15.524615,18.914359,4,5,2,1,6,4
1,9/13,Matt Forte,RB,CHI,GB,7800,0,8800,0,20,23,5,18.4,16.45,18.0,16.5,20.75,17.94,18.88,16.33,16.69,14.59,14.8,12.8,20.89,17.99,6.5,50.0,21.75,0.0,15.524615,13.3025,6,6,4,2,8,6
1,9/13,Russell Wilson,QB,SEA,STL,7800,0,8800,0,4,14,13,16.97,16.84,21.5,21.5,20.6,20.56,20.47,20.27,21.08,21.08,19.74,19.74,21.17,20.97,-3.5,41.5,22.5,0.0,15.524615,13.3025,6,7,3,4,8,4
1,9/14,Adrian Peterson,RB,MIN,SF,7700,0,9200,0,14,27,6,17.26,15.63,22.3,18.8,17.84,16.84,17.38,16.03,18.88,17.28,19.8,18.3,14.85,13.65,-2.5,41.5,22.0,0.0,21.211818,20.358889,0,0,1,0,0,1
1,9/10,Tom Brady,QB,NE,PIT,7700,0,8400,0,25,6,6,18.92,18.78,31.4,28.4,19.69,19.36,20.54,20.34,17.79,17.79,20.45,20.45,19.72,19.52,-3.0,48.5,25.75,0.0,21.211818,16.123243,4,8,4,3,8,5
1,9/13,Mike Evans,WR,TB,TEN,7700,0,8300,0,32,46,8,15.81,13.32,13.9,12.4,16.57,14.14,16.97,14.37,15.88,13.13,14.93,12.43,14.11,11.96,-3.0,42.0,22.5,0.0,21.211818,18.914359,6,6,3,3,5,7
1,9/13,T.Y. Hilton,WR,IND,BUF,7600,0,7800,0,2,66,14,14.08,11.41,20.8,17.8,15.34,12.78,15.77,13.07,16.19,13.79,13.91,11.51,14.93,12.23,-2.5,46.0,24.25,0.0,20.299167,15.067234,6,6,2,3,7,4
1,9/13,Cam Newton,QB,CAR,JAC,7600,0,8400,0,19,15,14,17.56,17.34,19.4,19.4,18.68,18.27,17.48,17.18,19.57,19.47,17.89,17.89,19.43,19.13,-3.0,41.0,22.0,0.0,20.299167,16.123243,5,8,1,2,10,2
1,9/14,Matt Ryan,QB,ATL,PHI,7500,0,8800,0,5,7,7,19.32,19.01,26.0,23.0,22.42,19.25,22.38,19.18,18.18,18.08,23.39,20.39,22.72,19.52,2.5,54.5,26.0,0.0,19.493793,13.3025,5,10,1,2,11,3
1,9/13,Eddie Lacy,RB,GB,CHI,7500,0,8500,0,29,13,1,19.95,18.29,27.0,22.0,23.28,18.63,19.36,17.76,19.07,17.52,19.1,17.6,19.59,17.99,-6.5,50.0,28.25,0.0,19.493793,17.614054,7,5,4,3,7,6
1,9/13,Eli Manning,QB,NYG,DAL,7400,0,8300,0,26,19,15,16.35,16.11,18.4,18.4,16.55,16.29,17.21,16.91,16.21,16.21,21.9,18.9,15.58,15.28,5.5,51.5,23.0,0.0,16.3225,18.914359,7,7,2,4,8,4
1,9/13,Ryan Tannehill,QB,MIA,WSH,7400,0,8000,0,31,2,2,20.43,20.19,20.9,17.9,19.63,19.46,20.07,19.87,21.02,21.02,19.3,19.3,23.76,20.56,-3.5,43.0,23.25,0.0,16.3225,15.7325,8,7,1,5,8,3
1,9/13,DeAndre Hopkins,WR,HOU,KC,7400,0,7800,0,18,68,16,13.8,11.24,26.6,20.1,14.92,12.38,15.83,12.88,12.12,9.87,14.06,11.51,13.07,10.67,-1.0,40.5,20.75,0.0,16.3225,15.067234,7,5,4,1,7,8
1,9/13,Tony Romo,QB,DAL,NYG,7300,0,8700,0,27,10,10,18.45,18.26,24.0,21.0,18.63,18.47,20.17,19.97,16.51,16.51,20.19,20.19,18.79,18.59,-5.5,51.5,28.5,0.0,17.8472,16.54,5,9,1,2,10,3
1,9/13,Marshawn Lynch,RB,SEA,STL,7300,0,8600,0,4,18,4,18.95,17.09,22.0,18.5,18.23,16.66,18.17,16.72,16.63,15.63,17.6,16.6,16.69,15.29,-3.5,41.5,22.5,0.0,17.8472,16.643256,6,7,3,2,8,6
1,9/10,Ben Roethlisberger,QB,PIT,NE,7300,0,8600,0,8,26,21,15.33,15.17,23.8,23.8,16.49,16.21,18.59,18.29,16.04,16.04,22.14,19.14,20.35,17.05,3.0,48.5,22.75,0.0,17.8472,16.643256,7,8,1,4,9,3
1,9/14,Jordan Matthews,WR,PHI,ATL,7200,0,6800,0,28,54,11,15.64,12.83,27.3,20.3,14.76,12.26,15.53,13.08,13.69,11.29,14.04,11.59,13.44,11.54,-2.5,54.5,28.5,0.0,21.465217,10.155068,5,7,3,4,2,9
1,9/13,Lesean McCoy,RB,BUF,IND,7200,0,8400,0,15,37,9,15.61,14.0,7.6,7.1,10.27,9.17,13.84,12.54,15.35,14.0,17.9,16.9,11.9,10.9,2.5,46.0,21.75,0.0,21.465217,16.123243,5,6,5,0,7,9
1,9/13,Jeremy Hill,RB,CIN,OAK,7100,0,8600,0,22,34,7,15.87,14.27,19.5,18.5,13.24,12.27,16.13,14.93,13.94,12.94,16.6,16.1,14.01,12.91,-3.0,44.0,23.5,0.0,17.353333,16.643256,7,6,3,3,7,6
1,9/13,Philip Rivers,QB,SD,DET,7100,0,8100,0,16,4,4,19.56,19.42,19.8,16.8,16.36,16.22,18.05,17.85,17.0,17.0,18.3,18.3,17.98,17.78,-2.5,46.0,24.25,0.0,17.353333,14.93,6,8,2,4,7,5
1,9/13,Brandin Cooks,WR,NO,ARI,7100,0,7400,0,10,55,12,17.08,13.52,25.8,19.8,16.07,13.07,17.58,14.23,13.59,10.89,16.56,13.66,14.21,11.21,2.5,47.0,22.25,0.0,17.353333,11.468372,5,3,2,2,3,5
1,9/13,Keenan Allen,WR,SD,DET,7100,0,7900,0,16,99,33,11.76,9.32,21.3,17.8,12.3,9.37,15.07,12.27,13.18,10.43,14.93,12.28,14.85,11.9,-2.5,46.0,24.25,0.0,17.353333,17.236585,5,3,6,1,4,9
1,9/10,Rob Gronkowski,TE,NE,PIT,7000,0,8100,0,25,40,1,17.57,14.64,23.9,19.9,19.0,15.9,19.02,16.02,14.07,11.42,19.1,16.1,16.96,14.41,-3.0,48.5,25.75,0.0,18.497576,14.93,3,11,1,1,10,4
1,9/14,Colin Kaepernick,QB,SF,MIN,7000,0,7900,0,23,21,17,16.23,16.03,15.1,15.1,17.07,16.83,16.49,16.19,19.04,19.04,19.02,19.02,17.67,17.37,2.5,41.5,19.5,0.0,18.497576,17.236585,3,12,1,3,11,2
1,9/13,C.J. Anderson,RB,DEN,BAL,7000,0,8400,0,7,35,8,15.64,14.09,17.7,17.2,16.5,15.0,17.43,15.73,14.41,12.91,18.2,16.7,16.71,15.21,-4.5,49.0,26.75,0.0,18.497576,16.123243,7,1,5,6,1,6
1,9/13,Matthew Stafford,QB,DET,SD,7000,0,7800,0,21,5,5,22.61,19.32,22.4,19.4,18.57,18.33,18.43,18.13,17.48,17.48,16.73,16.73,20.7,17.4,2.5,46.0,21.75,0.0,18.497576,15.067234,6,4,6,2,7,7
1,9/13,Sammy Watkins,WR,BUF,IND,7000,0,7600,0,15,77,22,12.75,10.4,19.2,16.2,11.08,9.09,14.09,11.79,11.78,9.58,12.31,10.26,11.06,9.46,2.5,46.0,21.75,0.0,18.497576,13.419487,6,2,8,3,4,9
1,9/13,Jeremy Maclin,WR,KC,HOU,6900,0,7600,0,1,81,25,12.19,10.04,20.9,17.4,13.6,10.75,14.21,11.71,12.39,10.39,13.21,10.71,13.32,11.02,1.0,40.5,19.75,0.0,16.014286,13.419487,6,7,3,4,4,8
1,9/14,Sam Bradford,QB,PHI,ATL,6900,0,7500,0,28,11,11,18.32,18.12,22.5,19.5,18.19,18.03,19.02,18.82,18.84,18.84,18.46,18.46,17.3,17.1,-2.5,54.5,28.5,0.0,16.014286,13.699545,,,,,,
1,9/13,DeSean Jackson,WR,WSH,MIA,6800,0,7100,0,9,67,15,12.71,10.72,16.4,14.4,12.84,11.05,13.74,11.64,15.66,13.06,13.1,10.9,10.74,8.89,3.5,43.0,19.75,0.0,19.805333,12.76,7,2,6,2,6,7
1,9/13,Jay Cutler,QB,CHI,GB,6800,0,7900,0,20,19,15,16.5,16.2,18.2,18.2,17.85,17.49,17.54,17.34,15.5,15.5,18.5,18.5,16.96,16.76,6.5,50.0,21.75,0.0,19.805333,17.236585,6,6,3,4,7,4
1,9/13,Joe Flacco,QB,BAL,DEN,6700,0,8200,0,6,20,16,16.41,16.22,19.3,16.3,16.06,16.06,16.24,16.14,14.15,14.15,17.66,17.66,17.29,17.19,4.5,49.0,22.25,0.0,18.565294,14.355484,7,7,2,3,10,3
1,9/14,DeMarco Murray,RB,PHI,ATL,6700,0,8500,0,28,16,2,18.68,17.23,20.8,19.3,18.16,16.41,17.67,15.87,19.48,17.63,16.5,15.5,17.36,15.26,-2.5,54.5,28.5,0.0,18.565294,17.614054,8,6,2,2,12,2
1,9/13,Amari Cooper,WR,OAK,CIN,6700,0,7100,0,11,105,38,10.3,8.42,15.5,13.5,12.4,10.27,14.01,11.66,12.89,10.49,13.67,11.17,11.39,9.24,3.0,44.0,20.5,0.0,18.565294,12.76,,,,,,
1,9/10,Julian Edelman,WR,NE,PIT,6600,0,7700,0,25,72,19,14.18,11.31,25.0,20.0,16.17,12.97,17.29,14.09,13.66,10.96,16.47,13.27,16.88,13.58,-3.0,48.5,25.75,0.0,16.23125,13.115897,8,3,3,2,7,5
1,9/14,Teddy Bridgewater,QB,MIN,SF,6600,0,7200,0,14,25,20,15.46,15.22,13.0,13.0,15.25,15.25,16.0,15.9,16.22,16.22,17.13,17.13,14.71,14.61,-2.5,41.5,22.0,0.0,16.23125,10.83322,6,6,1,2,9,2
1,9/13,Brandon Marshall,WR,NYJ,CLE,6600,0,7400,0,13,86,27,12.7,10.19,17.6,15.1,14.26,11.66,14.23,11.78,14.02,11.52,13.45,10.95,11.46,9.66,-2.5,40.0,21.25,0.0,16.23125,11.468372,4,3,6,2,3,8
1,9/13,Carson Palmer,QB,ARI,NO,6500,0,7700,0,30,12,12,17.73,17.51,19.2,16.2,17.88,17.71,17.68,17.58,17.51,17.51,18.19,18.19,22.28,19.18,-2.5,47.0,24.75,0.0,14.400488,13.115897,3,2,1,1,4,1
1,9/14,Roddy White,WR,ATL,PHI,6500,0,7600,0,5,80,24,12.93,10.45,20.3,13.8,12.78,10.18,14.23,11.73,12.08,9.83,12.96,10.61,13.96,11.56,2.5,54.5,26.0,0.0,14.400488,13.419487,8,4,2,1,8,5
1,9/13,Steve Smith,WR,BAL,DEN,6400,0,6700,0,6,76,21,12.91,10.48,12.2,10.2,14.17,11.45,14.44,11.84,14.31,11.76,13.34,10.99,11.94,9.49,4.5,49.0,22.25,0.0,15.477714,10.130667,7,4,5,2,6,8
1,9/13,Andre Ellington,RB,ARI,NO,6400,0,7900,0,30,58,14,12.91,11.34,15.4,14.4,16.21,14.06,13.09,11.44,18.4,16.55,14.0,12.45,11.45,10.05,-2.5,47.0,24.75,0.0,15.477714,17.236585,4,7,1,1,6,5
1,9/13,Golden Tate,WR,DET,SD,6300,0,7100,0,21,71,18,13.28,10.96,21.7,18.7,13.55,11.05,15.24,12.64,13.73,11.03,12.74,10.19,15.19,12.24,2.5,46.0,21.75,0.0,15.537917,12.76,6,7,3,3,8,5
1,9/14,Anquan Boldin,WR,SF,MIN,6200,0,6600,0,23,69,17,13.75,11.22,12.6,10.1,14.19,11.69,14.62,12.02,13.43,11.23,12.12,9.67,12.97,10.62,2.5,41.5,19.5,0.0,14.114286,10.580526,5,8,3,2,5,9
1,9/13,Alex Smith,QB,KC,HOU,6200,0,6600,0,1,39,25,13.48,13.25,17.3,16.3,12.21,12.05,15.01,14.81,14.11,14.11,15.99,15.99,15.14,14.94,1.0,40.5,19.75,0.0,14.114286,10.580526,6,8,1,1,12,2
1,9/13,Justin Forsett,RB,BAL,DEN,6200,0,7800,0,6,49,11,14.24,12.45,17.9,17.4,13.39,11.91,14.24,12.49,13.28,11.78,15.07,13.12,15.7,14.05,4.5,49.0,22.25,0.0,14.114286,15.067234,6,8,2,5,9,2
1,9/13,Andre Johnson,WR,IND,BUF,6100,0,6900,0,2,88,28,13.46,10.55,15.4,13.4,12.83,10.08,11.9,9.4,12.31,9.96,12.05,9.9,13.1,10.4,-2.5,46.0,24.25,0.0,13.9815,10.544359,3,8,4,1,4,10
1,9/13,Derek Carr,QB,OAK,CIN,6100,0,6300,0,11,52,29,11.97,11.73,11.7,11.7,13.26,13.07,13.2,13.0,15.88,15.88,15.48,15.48,13.41,13.21,3.0,44.0,20.5,0.0,13.9815,9.8525,5,7,4,3,8,5
1,9/13,Andy Dalton,QB,CIN,OAK,6100,0,7100,0,22,22,18,15.9,15.74,19.9,16.9,16.5,16.5,16.4,16.2,17.13,17.13,15.35,15.35,16.57,16.37,-3.0,44.0,23.5,0.0,13.9815,12.76,5,8,3,1,12,3
1,9/13,Eric Decker,WR,NYJ,CLE,6000,0,6000,0,13,113,44,10.01,8.15,15.5,12.5,11.08,9.03,10.9,8.8,12.45,9.9,12.24,9.94,10.25,8.45,-2.5,40.0,21.25,0.0,14.054737,10.34,5,6,4,1,7,7
1,9/14,Mike Wallace,WR,MIN,SF,6000,0,6400,0,14,89,29,12.07,9.83,14.0,11.5,12.68,10.32,12.55,10.6,10.81,9.01,10.38,8.68,10.39,8.79,-2.5,41.5,22.0,0.0,14.054737,9.602885,5,7,3,0,10,5
1,9/13,Jameis Winston,QB,TB,TEN,6000,0,6900,0,32,28,22,14.52,14.33,14.8,14.8,13.74,13.74,15.13,14.93,16.88,16.88,16.45,16.45,16.43,16.33,-3.0,42.0,22.5,0.0,14.054737,10.544359,,,,,,
1,9/13,Marcus Mariota,QB,TEN,TB,6000,0,7100,0,24,24,19,15.5,15.31,12.9,12.9,13.5,13.2,17.41,17.21,19.95,19.95,18.18,18.18,14.28,14.18,3.0,42.0,19.5,0.0,14.054737,12.76,,,,,,
1,9/13,Vincent Jackson,WR,TB,TEN,6000,0,7200,0,32,96,31,11.32,9.27,20.5,17.0,12.08,9.69,11.89,9.69,15.08,12.43,11.99,9.99,14.63,12.13,-3.0,42.0,22.5,0.0,14.054737,10.83322,4,7,5,1,5,10
1,9/13,Marques Colston,WR,NO,ARI,6000,0,5500,0,10,109,41,9.74,8.07,13.7,10.7,10.65,8.6,12.34,10.29,12.29,10.19,11.81,9.81,11.65,9.55,2.5,47.0,22.25,0.0,14.054737,7.949524,5,9,1,0,9,6
1,9/13,Joseph Randle,RB,DAL,NYG,5900,0,6900,0,27,73,21,9.41,8.92,13.4,12.9,10.1,9.38,9.57,8.82,13.2,11.9,11.1,10.7,9.43,8.63,-5.5,51.5,28.5,0.0,15.069583,10.544359,2,2,10,1,2,11
1,9/13,Blake Bortles,QB,JAC,CAR,5900,0,6400,0,12,51,28,12.08,11.75,12.8,12.8,12.84,12.76,14.53,14.43,16.95,16.95,16.48,16.48,16.32,16.22,3.0,41.0,19.0,0.0,15.069583,9.602885,4,7,3,2,9,3
1,9/14,Torrey Smith,WR,SF,MIN,5900,0,6100,0,23,98,32,10.47,8.71,15.8,13.8,11.41,9.61,10.22,8.52,11.8,9.8,11.65,9.8,8.33,7.08,2.5,41.5,19.5,0.0,15.069583,10.226234,7,2,5,3,6,5
1,9/13,Michael Floyd,WR,ARI,NO,5800,0,6100,0,30,91,30,10.85,9.18,11.0,9.0,10.39,8.7,10.99,9.09,11.72,9.62,11.66,9.76,11.93,10.28,-2.5,47.0,24.75,0.0,13.500702,10.226234,5,6,3,1,6,7
1,9/13,Jonathan Stewart,RB,CAR,JAC,5800,0,7100,0,19,50,12,13.09,11.89,14.9,14.4,13.1,12.0,10.86,9.96,13.36,12.01,11.79,10.99,10.34,9.39,-3.0,41.0,22.0,0.0,13.500702,12.76,6,6,1,2,4,7
1,9/14,Nelson Agholor,WR,PHI,ATL,5700,0,5500,0,28,102,35,10.92,8.88,12.8,10.3,13.02,10.52,12.41,10.36,11.26,9.21,12.09,10.04,11.28,9.43,-2.5,54.5,28.5,0.0,12.45,7.949524,,,,,,
1,9/13,Latavius Murray,RB,OAK,CIN,5700,0,7400,0,11,61,16,12.18,10.65,15.7,15.2,12.01,11.3,13.42,12.12,14.18,12.53,11.57,10.62,13.41,12.41,3.0,44.0,20.5,0.0,12.45,11.468372,2,4,4,1,3,6
1,9/13,Jarvis Landry,WR,MIA,WSH,5600,0,6900,0,31,85,26,12.87,10.25,19.8,16.8,13.36,10.33,15.18,12.03,14.19,11.29,13.34,10.59,15.3,11.85,-3.5,43.0,23.25,0.0,13.388,10.544359,5,10,0,2,4,9
1,9/13,Mark Ingram,RB,NO,ARI,5600,0,7800,0,10,64,19,10.27,9.51,15.1,25.1,9.18,8.67,11.36,10.36,12.14,10.84,14.02,12.77,10.3,9.35,2.5,47.0,22.25,0.0,13.388,15.067234,5,5,3,4,6,3
1,9/13,Jimmy Graham,TE,SEA,STL,5600,0,6900,0,4,56,2,15.51,12.69,18.7,16.2,12.73,9.96,15.52,12.92,15.13,12.48,14.8,12.8,13.49,11.29,-3.5,41.5,22.5,0.0,13.388,10.544359,5,5,4,2,7,5
1,9/13,Lamar Miller,RB,MIA,WSH,5500,0,7300,0,31,49,11,13.26,11.98,16.9,16.4,13.66,12.34,16.04,14.54,16.01,14.46,15.3,14.05,15.44,13.94,-3.5,43.0,23.25,0.0,13.704483,10.631579,8,6,2,2,10,4
1,9/13,Ryan Fitzpatrick,QB,NYJ,CLE,5500,0,6800,0,13,44,27,12.17,12.13,12.8,12.8,12.12,11.93,14.35,14.25,13.37,13.37,16.2,16.2,13.71,13.51,-2.5,40.0,21.25,0.0,13.704483,10.155068,4,6,2,4,6,2
1,9/13,Larry Fitzgerald,WR,ARI,NO,5500,0,6000,0,30,75,20,12.77,10.49,12.7,9.7,12.99,10.17,14.01,11.46,12.93,10.78,12.08,9.93,13.0,10.35,-2.5,47.0,24.75,0.0,13.704483,10.34,3,5,6,1,2,11
1,9/13,T.J. Yeldon,RB,JAC,CAR,5500,0,7000,0,12,70,20,11.39,10.02,9.9,9.4,12.4,10.9,13.65,12.2,12.33,11.08,11.77,10.87,13.01,11.76,3.0,41.0,19.0,0.0,13.704483,11.341159,,,,,,
1,9/13,Melvin Gordon,RB,SD,DET,5500,0,7100,0,16,62,17,11.36,10.18,12.8,12.8,11.92,10.63,11.52,10.37,12.88,11.08,11.18,10.53,13.58,12.08,-2.5,46.0,24.25,0.0,13.704483,12.76,,,,,,
1,9/13,Alfred Morris,RB,WSH,MIA,5500,0,7400,0,9,57,13,11.38,10.51,14.3,14.3,11.93,11.42,10.99,10.29,12.39,11.64,10.4,9.7,9.73,9.13,3.5,43.0,19.75,0.0,13.704483,11.468372,5,5,6,1,6,9
1,9/13,Frank Gore,RB,IND,BUF,5400,0,7500,0,2,87,25,9.79,8.68,13.8,13.8,10.02,9.61,12.17,11.07,14.77,13.37,13.02,11.67,8.76,8.06,-2.5,46.0,24.25,0.0,13.002069,13.699545,5,4,7,2,4,10
1,9/13,Allen Robinson,WR,JAC,CAR,5400,0,6100,0,12,101,34,12.48,9.7,17.0,14.5,13.21,10.67,13.33,10.83,12.19,9.89,13.44,10.94,12.77,10.17,3.0,41.0,19.0,0.0,13.002069,10.226234,7,2,1,0,7,3
1,9/14,Carlos Hyde,RB,SF,MIN,5300,0,7300,0,23,59,15,11.35,10.45,15.5,14.5,13.08,12.27,11.66,10.76,14.74,13.39,12.98,12.28,11.14,10.39,2.5,41.5,19.5,0.0,12.16918,10.631579,2,4,8,0,2,12
1,9/13,Nick Foles,QB,STL,SEA,5300,0,6400,0,3,53,30,11.71,11.43,11.7,11.7,11.29,10.91,12.95,12.75,13.23,13.13,13.94,13.94,13.0,12.8,3.5,41.5,19.0,0.0,12.16918,9.602885,2,4,2,1,5,2
1,9/13,Malcom Floyd,WR,SD,DET,5300,0,5900,0,16,117,47,8.91,7.48,5.6,4.6,9.95,8.32,9.41,7.81,11.39,9.59,10.87,9.32,10.57,9.17,-2.5,46.0,24.25,0.0,12.16918,8.413407,8,6,1,1,8,6
1,9/13,Greg Olsen,TE,CAR,JAC,5300,0,5900,0,19,79,3,13.38,10.71,18.4,15.4,15.76,12.76,13.83,11.33,10.85,8.65,11.41,9.26,12.71,10.21,-3.0,41.0,22.0,0.0,12.16918,8.413407,8,3,5,1,8,7
1,9/13,Josh McCown,QB,CLE,NYJ,5200,0,6300,0,17,32,23,14.53,14.27,5.2,5.2,10.76,10.56,13.05,12.95,14.39,14.39,11.68,11.68,12.67,12.57,2.5,40.0,18.75,0.0,13.696667,9.8525,3,5,3,1,6,4
1,9/13,Pierre Garcon,WR,WSH,MIA,5200,0,5500,0,9,129,54,9.46,7.4,11.4,8.9,9.97,7.93,10.84,8.59,11.76,9.36,12.46,10.11,10.36,8.21,3.5,43.0,19.75,0.0,13.696667,7.949524,3,7,6,1,4,11
1,9/13,Joique Bell,RB,DET,SD,5200,0,6500,0,21,83,23,10.17,8.98,10.6,9.1,8.93,8.29,9.66,8.61,11.72,10.57,11.0,10.05,12.97,11.52,2.5,46.0,21.75,0.0,13.696667,10.722889,5,6,4,2,7,6
1,9/10,DeAngelo Williams,RB,PIT,NE,5100,0,7600,0,8,100,30,8.9,7.87,19.2,18.7,8.88,8.35,10.02,8.77,9.89,9.09,11.36,10.46,10.54,9.59,3.0,48.5,22.75,0.0,12.266667,13.419487,0,3,3,0,0,6
1,9/13,Rueben Randle,WR,NYG,DAL,5100,0,5300,0,26,112,43,9.65,8.01,14.0,11.0,8.36,6.66,13.1,10.95,11.81,9.46,13.89,11.54,10.27,8.17,5.5,51.5,23.0,0.0,12.266667,7.653158,6,6,4,2,5,9
1,9/13,Brian Hoyer,QB,HOU,KC,5100,0,6500,0,18,60,31,10.61,10.32,12.1,12.1,11.93,11.87,12.28,12.08,13.05,13.05,14.36,14.36,12.38,12.18,-1.0,40.5,20.75,0.0,12.266667,10.722889,4,6,4,1,9,4
1,9/13,Ryan Mallett,QB,HOU,KC,5100,0,6500,0,18,194,32,3.18,3.1,,,,,1.03,1.03,0.0,0.0,,,0.07,0.07,-1.0,40.5,20.75,0.0,12.266667,10.722889,0,1,2,0,1,2
1,9/13,Kendall Wright,WR,TEN,TB,5100,0,5800,0,24,103,36,11.56,9.08,15.3,11.8,11.92,9.84,13.35,10.7,12.58,10.13,11.48,9.08,10.43,8.33,3.0,42.0,19.5,0.0,12.266667,7.574026,3,8,3,2,2,10
1,9/13,Rashad Jennings,RB,NYG,DAL,5100,0,6600,0,26,57,13,12.45,11.06,21.2,20.7,13.05,11.62,12.4,11.2,10.65,9.05,9.79,9.19,11.55,9.9,5.5,51.5,23.0,0.0,12.266667,10.580526,4,4,3,2,3,6
1,9/13,Tre Mason,RB,STL,SEA,5000,0,7300,0,3,167,49,5.27,4.52,9.7,8.7,6.22,6.14,5.49,4.79,9.59,8.69,11.64,10.69,6.5,6.0,3.5,41.5,19.0,0.0,9.308,10.631579,5,4,3,1,5,6
1,9/13,B.J. Daniels,WR,SEA,STL,5000,0,5000,0,4,218,87,3.89,3.14,,,,,0.0,0.0,0.0,0.0,,,0.0,0.0,-3.5,41.5,22.5,0.0,9.308,6.304296,,,,,,
1,9/13,Tyrod Taylor,QB,BUF,IND,5000,0,5000,0,15,43,26,13.35,13.15,13.8,13.8,14.26,14.26,14.97,14.67,13.8,13.8,15.67,15.67,16.09,15.79,2.5,46.0,21.75,0.0,9.308,6.304296,0,0,1,0,0,1
1,9/13,B.J. Daniels,WR,SEA,STL,5000,0,5000,0,4,218,87,3.89,3.14,,,,,4.01,3.26,0.0,0.0,,,0.0,0.0,-3.5,41.5,22.5,0.0,9.308,6.304296,,,,,,
1,9/13,Johnny Manziel,QB,CLE,NYJ,5000,0,5900,0,17,209,33,2.97,2.89,,,,,1.56,1.56,0.0,0.0,,,1.94,1.94,2.5,40.0,18.75,0.0,9.308,8.413407,0,1,2,0,1,2
1,9/13,Kirk Cousins,QB,WSH,MIA,5000,0,6000,0,9,38,24,13.55,13.32,12.1,12.1,14.0,13.78,13.4,13.1,16.77,16.77,15.54,15.54,11.95,11.65,3.5,43.0,19.75,0.0,9.308,10.34,4,0,2,2,2,2
1,9/14,Charles Johnson,WR,MIN,SF,4900,0,5600,0,14,104,37,9.89,8.26,11.9,9.9,12.04,9.86,12.12,10.17,10.24,8.34,11.17,9.27,7.92,6.52,-2.5,41.5,22.0,0.0,12.325532,8.013239,3,2,6,1,2,8
1,9/13,Kenny Britt,WR,STL,SEA,4800,0,5400,0,3,139,58,8.16,6.55,8.0,6.5,8.4,6.93,7.74,6.19,10.76,8.76,7.89,6.54,7.71,6.31,3.5,41.5,19.0,0.0,12.693151,6.90929,6,5,4,2,4,9
1,9/14,Tevin Coleman,RB,ATL,PHI,4800,0,6700,0,5,90,26,11.27,9.45,12.1,11.6,8.9,8.09,12.34,11.09,10.66,9.76,12.35,11.45,9.39,8.64,2.5,54.5,26.0,0.0,12.693151,10.130667,,,,,,
1,9/13,Travis Kelce,TE,KC,HOU,4800,0,6000,0,1,82,4,12.83,10.35,17.8,15.3,12.61,10.14,12.15,9.45,9.82,7.82,12.35,9.95,11.82,9.47,1.0,40.5,19.75,0.0,12.693151,10.34,9,5,2,2,7,7
1,9/13,Giovani Bernard,RB,CIN,OAK,4700,0,7200,0,22,107,31,8.94,7.66,12.4,10.4,10.64,9.14,9.52,8.07,13.66,12.21,11.98,10.23,11.74,10.09,-3.0,44.0,23.5,0.0,12.637255,10.83322,5,3,5,1,6,6
1,9/13,Kenny Stills,WR,MIA,WSH,4700,0,5400,0,31,122,51,8.96,7.42,11.5,9.5,9.37,7.87,8.45,6.8,13.33,11.13,8.67,7.17,8.13,6.63,-3.5,43.0,23.25,0.0,12.637255,6.90929,5,6,4,2,7,6
1,9/13,Doug Baldwin,WR,SEA,STL,4600,0,6100,0,4,116,46,9.31,7.8,7.7,6.2,9.94,7.94,12.01,9.96,10.25,8.6,10.58,8.73,12.12,9.82,-3.5,41.5,22.5,0.0,11.595946,10.226234,5,7,4,2,4,10
1,9/13,Isaiah Crowell,RB,CLE,NYJ,4600,0,6100,0,17,84,24,9.5,8.6,12.1,12.1,10.36,9.6,9.9,9.1,6.6,6.1,11.34,10.84,8.45,7.65,2.5,40.0,18.75,0.0,11.595946,10.226234,6,2,7,2,5,8
1,9/13,John Brown,WR,ARI,NO,4500,0,6000,0,30,110,42,9.64,7.98,12.0,10.0,10.53,8.88,12.53,10.63,12.22,10.02,12.44,10.39,12.21,10.51,-2.5,47.0,24.75,0.0,11.454054,10.34,6,4,5,2,2,11
1,9/13,Doug Martin,RB,TB,TEN,4500,0,6900,0,32,63,18,11.55,10.24,17.4,16.4,11.54,10.91,11.52,10.57,11.2,9.95,10.65,9.9,9.03,8.28,-3.0,42.0,22.5,0.0,11.454054,10.544359,3,2,6,0,4,7
1,9/13,Percy Harvin,WR,BUF,IND,4400,0,5600,0,15,121,50,9.5,7.68,9.2,7.7,9.52,7.57,8.85,6.7,10.9,8.9,8.61,7.01,8.44,6.24,2.5,46.0,21.75,0.0,10.782609,8.013239,2,6,5,2,1,10
1,9/13,Darren McFadden,RB,DAL,NYG,4400,0,6600,0,27,145,41,5.97,5.28,5.1,5.1,7.45,6.29,6.99,6.29,9.19,8.14,9.35,8.8,9.08,8.28,-5.5,51.5,28.5,0.0,10.782609,10.580526,2,9,5,0,5,11
1,9/13,Percy Harvin,WR,BUF,IND,4400,0,5600,0,15,121,50,9.5,7.68,9.2,7.7,9.52,7.57,8.85,6.7,10.9,8.9,8.61,7.01,8.44,6.24,2.5,46.0,21.75,0.0,10.782609,8.013239,2,6,5,2,1,10
1,9/13,Davante Adams,WR,GB,CHI,4400,0,5500,0,29,65,13,13.36,11.11,21.4,18.4,15.0,12.45,14.19,11.89,13.49,11.24,11.68,9.78,11.3,9.15,-6.5,50.0,28.25,0.0,10.782609,7.949524,4,3,7,0,7,7
1,9/13,Michael Crabtree,WR,OAK,CIN,4400,0,5600,0,11,164,67,6.79,5.34,7.8,5.8,7.97,6.32,8.33,6.43,9.7,8.0,10.35,8.25,8.92,6.92,3.0,44.0,20.5,0.0,10.782609,8.013239,3,6,7,0,5,11
1,9/13,Bishop Sankey,RB,TEN,TB,4300,0,6300,0,24,97,29,9.54,8.29,13.0,13.0,8.89,8.11,7.54,6.79,8.22,7.37,8.61,8.01,7.39,6.69,3.0,42.0,19.5,0.0,10.296154,9.8525,2,5,9,0,4,12
1,9/13,Martellus Bennett,TE,CHI,GB,4300,0,6200,0,20,94,6,12.62,9.96,15.9,13.9,12.9,10.31,13.4,10.9,11.55,9.2,12.14,9.79,12.14,9.69,6.5,50.0,21.75,0.0,10.296154,9.194878,6,6,4,3,6,7
1,9/13,Greg Jennings,WR,MIA,WSH,4300,0,4900,0,31,141,60,7.4,6.14,4.0,3.0,8.32,6.82,9.01,7.46,4.78,4.13,10.65,8.8,10.28,8.68,-3.5,43.0,23.25,0.0,10.296154,6.198661,8,5,3,0,10,6
1,9/13,Dwayne Bowe,WR,CLE,NYJ,4300,0,5400,0,17,108,40,10.5,8.47,10.0,8.0,10.37,8.12,7.36,5.91,11.91,9.81,6.72,5.37,8.37,6.97,2.5,40.0,18.75,0.0,10.296154,6.90929,5,6,4,0,6,9
1,9/14,Devonta Freeman,RB,ATL,PHI,4300,0,6500,0,5,142,39,7.17,5.96,7.3,6.8,7.87,6.78,7.21,6.16,5.04,4.29,10.42,9.22,7.15,6.15,2.5,54.5,26.0,0.0,10.296154,10.722889,2,3,11,1,2,13
1,9/13,Shane Vereen,RB,NYG,DAL,4200,0,6500,0,26,136,37,7.5,6.25,11.8,9.3,9.47,7.87,9.44,7.64,8.82,7.37,10.0,8.45,9.91,7.91,5.5,51.5,23.0,0.0,9.288235,10.722889,2,8,6,1,4,11
1,9/13,Marvin Jones,WR,CIN,OAK,4200,0,4500,0,22,137,57,7.76,6.37,12.2,9.7,8.39,6.79,7.91,6.41,8.57,7.12,7.56,6.21,8.32,7.02,-3.0,44.0,23.5,0.0,9.288235,4.211482,,,,,,
1,9/13,Brian Quick,WR,STL,SEA,4200,0,5400,0,3,125,53,8.94,7.29,11.9,9.9,8.6,7.1,10.04,8.44,9.42,7.62,9.77,8.12,7.31,6.16,3.5,41.5,19.0,0.0,9.288235,6.90929,3,1,3,1,3,3
1,9/13,Justin Hunter,WR,TEN,TB,4200,0,4700,0,24,140,59,6.96,5.93,12.1,9.6,8.35,7.08,5.01,4.16,4.68,3.98,2.9,2.4,5.24,4.49,3.0,42.0,19.5,0.0,9.288235,5.037592,3,4,5,1,4,7
1,9/13,DeVante Parker,WR,MIA,WSH,4100,0,5400,0,31,193,76,4.7,3.81,9.7,7.7,4.37,3.75,5.22,4.22,0.4,3.0,5.98,4.98,9.05,7.35,-3.5,43.0,23.25,0.0,9.606667,6.90929,,,,,,
1,9/13,Chris Ivory,RB,NYJ,CLE,4100,0,6400,0,13,45,10,12.95,11.98,14.3,13.8,11.88,11.21,13.5,12.45,11.93,10.78,12.34,11.49,10.68,10.08,-2.5,40.0,21.25,0.0,9.606667,9.602885,3,8,5,2,6,8
1,9/13,Allen Hurns,WR,JAC,CAR,4000,0,4600,0,12,147,61,7.7,6.1,9.8,7.8,8.08,6.58,8.19,6.64,9.64,7.99,9.25,7.55,9.96,8.26,3.0,41.0,19.0,0.0,9.308462,4.529577,5,3,8,2,4,10
1,9/13,Ameer Abdullah,RB,DET,SD,4000,0,5900,0,21,92,27,9.75,8.54,15.8,13.3,9.65,8.65,10.2,8.8,9.76,8.96,11.46,9.81,9.95,8.9,2.5,46.0,21.75,0.0,9.308462,8.413407,,,,,,
1,9/13,Jason Witten,TE,DAL,NYG,4000,0,5800,0,27,93,5,11.91,9.65,12.2,9.7,11.6,9.1,12.0,9.95,10.16,8.16,10.68,8.78,11.1,9.0,-5.5,51.5,28.5,0.0,9.308462,7.574026,5,7,4,1,6,9
1,9/13,Terrance Williams,WR,DAL,NYG,4000,0,5300,0,27,124,52,8.07,6.86,12.6,10.1,8.34,7.03,11.18,9.68,10.5,8.7,9.52,8.17,9.14,8.14,-5.5,51.5,28.5,0.0,9.308462,7.653158,4,5,5,2,4,8
1,9/14,Reggie Bush,RB,SF,MIN,3900,0,5500,0,23,155,44,6.18,5.18,5.9,4.9,6.99,5.99,6.96,5.81,8.6,7.5,7.87,6.62,9.37,8.17,2.5,41.5,19.5,0.0,8.656667,7.949524,2,4,5,1,1,9
1,9/13,Fred Jackson,RB,SEA,STL,3900,0,6200,0,4,189,56,4.95,3.99,7.3,5.8,,,4.86,4.06,3.99,3.64,4.06,3.66,4.26,3.61,-3.5,41.5,22.5,0.0,8.656667,9.194878,4,8,2,1,9,4
1,9/13,Dorial Green-Beckham,WR,TEN,TB,3900,0,5100,0,24,169,68,5.86,4.78,6.2,5.2,,,5.84,4.69,9.86,8.06,6.51,5.41,4.14,3.44,3.0,42.0,19.5,0.0,8.656667,6.684091,,,,,,
1,9/13,Eddie Royal,WR,CHI,GB,3900,0,5000,0,20,116,46,9.09,7.59,13.4,10.4,8.25,6.69,12.34,10.04,11.89,9.94,11.22,9.07,10.59,8.59,6.5,50.0,21.75,0.0,8.656667,6.304296,6,5,4,4,3,8
1,9/13,Devin Funchess,WR,CAR,JAC,3800,0,4600,0,19,114,45,9.66,7.89,10.8,8.8,9.23,7.66,7.28,5.93,6.6,5.4,5.94,4.89,8.2,6.7,-3.0,41.0,22.0,0.0,8.918605,4.529577,,,,,,
1,9/10,James White,RB,NE,PIT,3800,0,6200,0,25,143,40,7.83,6.24,3.3,3.3,2.76,2.26,6.13,5.28,8.27,7.47,6.38,5.88,4.05,3.75,-3.0,48.5,25.75,0.0,8.918605,9.194878,0,1,2,0,0,3
1,9/13,Jordan Cameron,TE,MIA,WSH,3800,0,5500,0,31,134,12,8.84,6.94,12.4,9.9,10.3,8.3,11.13,9.18,11.66,9.41,9.6,8.0,10.86,9.11,-3.5,43.0,23.25,0.0,8.918605,7.949524,2,3,5,2,0,8
1,9/13,David Johnson,RB,ARI,NO,3800,0,5300,0,30,123,34,7.59,6.69,9.9,8.4,,,2.84,2.29,6.96,6.11,7.18,6.23,5.82,5.17,-2.5,47.0,24.75,0.0,8.918605,7.653158,0,0,1,0,0,1
1,9/13,Jaelen Strong,WR,HOU,KC,3800,0,5300,0,18,219,88,4.03,3.21,4.3,3.3,,,3.82,3.12,3.58,2.93,2.7,2.25,4.66,3.81,-1.0,40.5,20.75,0.0,8.918605,7.653158,,,,,,
1,9/13,Charles Sims,RB,TB,TEN,3800,0,6200,0,32,127,35,7.51,6.43,8.2,7.2,6.86,5.49,7.1,6.0,6.95,6.1,7.76,6.51,10.09,8.69,-3.0,42.0,22.5,0.0,8.918605,9.194878,2,3,3,0,3,5
1,9/10,Markus Wheaton,WR,PIT,NE,3800,0,5700,0,8,106,39,10.85,8.67,16.3,13.8,10.72,8.67,12.19,10.14,11.21,8.96,12.53,10.33,9.61,7.76,3.0,48.5,22.75,0.0,8.918605,8.476047,5,7,3,0,6,9
1,9/13,Danny Woodhead,RB,SD,DET,3700,0,6000,0,16,151,43,7.39,5.86,10.1,8.1,7.54,6.04,8.82,7.07,1.91,1.66,10.94,9.09,7.66,6.21,-2.5,46.0,24.25,0.0,10.143548,10.34,0,1,2,0,0,3
1,9/10,Danny Amendola,WR,NE,PIT,3700,0,5600,0,25,119,49,10.48,8.2,15.4,11.9,4.48,3.48,9.03,7.13,11.61,9.46,9.86,7.86,9.9,8.0,-3.0,48.5,25.75,0.0,10.143548,8.013239,1,3,6,0,2,8
1,9/13,Matt Jones,RB,WSH,MIA,3700,0,5500,0,9,146,42,6.56,5.56,6.7,5.7,2.78,2.14,7.03,5.88,1.89,1.64,7.61,6.46,7.11,6.41,3.5,43.0,19.75,0.0,10.143548,7.949524,,,,,,
1,9/13,Jermaine Kearse,WR,SEA,STL,3700,0,5300,0,4,148,62,7.12,5.82,2.6,2.1,8.39,6.69,8.0,6.55,7.31,6.01,8.55,7.2,5.83,4.83,-3.5,41.5,22.5,0.0,10.143548,7.653158,4,6,5,0,6,9
1,9/13,Charles Clay,TE,BUF,IND,3700,0,5000,0,15,149,14,7.87,6.18,8.6,6.6,10.76,8.7,7.42,5.97,8.34,6.64,8.49,6.89,6.03,4.93,2.5,46.0,21.75,0.0,10.143548,6.304296,7,4,3,1,4,9
1,9/13,Steve Johnson,WR,SD,DET,3700,0,4700,0,16,172,70,6.04,4.84,11.3,9.3,8.47,6.87,10.84,8.99,12.7,10.45,10.41,8.56,11.47,9.42,-2.5,46.0,24.25,0.0,10.143548,5.037592,2,6,3,1,1,9
1,9/13,James Starks,RB,GB,CHI,3600,0,5400,0,29,138,38,6.8,5.88,6.4,6.4,5.38,4.72,4.96,4.26,7.79,6.99,4.23,3.73,6.25,5.6,-6.5,50.0,28.25,0.0,7.705556,6.90929,2,6,6,1,1,12
1,9/13,Knile Davis,RB,KC,HOU,3600,0,6000,0,1,166,48,5.28,4.53,8.9,7.4,5.16,4.45,5.43,4.78,4.01,3.61,5.07,4.57,8.06,7.41,1.0,40.5,19.75,0.0,7.705556,10.34,4,2,9,2,3,10
1,9/13,Terrance West,RB,TEN,TB,3600,0,5500,0,24,215,63,3.45,2.95,4.0,4.0,5.43,4.9,1.28,1.08,4.44,3.99,0.88,0.83,0.46,0.41,3.0,42.0,19.5,0.0,7.705556,7.949524,4,3,7,2,4,8
1,9/13,Cecil Shorts,WR,HOU,KC,3600,0,5400,0,18,159,64,6.69,5.36,7.4,5.9,9.4,7.2,6.8,5.3,10.3,8.25,7.64,6.24,6.38,4.98,-1.0,40.5,20.75,0.0,7.705556,6.90929,5,3,5,0,5,8
1,9/13,Phillip Dorsett,WR,IND,BUF,3600,0,4600,0,2,224,92,3.62,2.95,10.5,8.5,6.66,5.27,4.73,3.83,3.97,3.17,6.68,5.48,4.09,3.34,-2.5,46.0,24.25,0.0,7.705556,4.529577,,,,,,
1,9/14,Zach Ertz,TE,PHI,ATL,3600,0,5400,0,28,133,11,7.78,6.4,6.5,5.0,11.45,9.4,9.13,7.43,10.52,8.57,7.87,6.52,8.45,6.8,-2.5,54.5,28.5,0.0,7.705556,6.90929,6,6,3,2,3,10
1,9/14,Ryan Mathews,RB,PHI,ATL,3600,0,5900,0,28,115,33,7.29,6.7,8.8,7.8,9.49,8.76,8.51,7.91,2.97,2.67,6.68,6.28,9.85,9.2,-2.5,54.5,28.5,0.0,7.705556,8.413407,1,4,1,0,3,3
1,9/13,Alfred Blue,RB,HOU,KC,3600,0,5800,0,18,74,22,10.96,9.64,12.0,12.0,9.49,9.0,10.31,9.31,14.22,12.92,11.4,10.65,10.17,9.52,-1.0,40.5,20.75,0.0,7.705556,7.574026,3,4,8,1,3,11
1,9/14,Kyle Rudolph,TE,MIN,SF,3500,0,5300,0,14,168,21,6.11,4.92,7.5,6.0,8.28,6.78,7.72,6.17,7.42,5.87,8.51,6.91,8.22,6.67,-2.5,41.5,22.0,0.0,8.590099,7.653158,1,4,2,0,3,4
1,9/13,Andrew Hawkins,WR,CLE,NYJ,3500,0,4700,0,17,160,65,6.56,5.3,,,8.09,6.09,8.5,6.75,9.03,7.48,6.71,5.26,10.2,8.45,2.5,40.0,18.75,0.0,8.590099,5.037592,5,5,4,2,5,7
1,9/13,Robert Woods,WR,BUF,IND,3500,0,5400,0,15,190,75,5.25,4.16,3.2,2.7,9.12,7.34,6.06,4.86,9.87,8.02,6.27,5.17,7.36,6.01,2.5,46.0,21.75,0.0,8.590099,6.90929,6,4,6,2,5,9
1,9/13,Damien Williams,RB,MIA,WSH,3500,0,5500,0,31,183,52,4.45,3.83,6.0,5.5,3.41,3.41,4.89,4.19,5.17,4.22,3.77,3.37,7.8,6.8,-3.5,43.0,23.25,0.0,8.590099,7.949524,2,2,8,1,1,10
1,9/13,Branden Oliver,RB,SD,DET,3500,0,5600,0,16,198,59,4.47,3.64,3.3,2.3,4.12,3.62,4.4,3.75,5.49,4.54,2.78,2.53,5.37,4.57,-2.5,46.0,24.25,0.0,8.590099,8.013239,4,5,5,2,4,8
1,9/13,Ladarius Green,TE,SD,DET,3500,0,5700,0,16,181,26,5.27,4.39,8.6,7.1,10.26,8.15,8.24,6.59,0.0,0.0,8.98,7.38,,,-2.5,46.0,24.25,0.0,8.590099,8.476047,1,2,6,0,2,7
1,9/13,Javorius Allen,RB,BAL,DEN,3500,0,5400,0,6,202,61,4.07,3.42,6.6,6.1,,,4.41,3.81,0.5,6.7,7.09,6.24,7.32,6.67,4.5,49.0,22.25,0.0,8.590099,6.90929,,,,,,
1,9/13,Tyler Eifert,TE,CIN,OAK,3500,0,5000,0,22,153,17,7.89,6.04,10.0,8.0,9.24,7.24,8.68,6.83,9.0,7.2,9.01,7.36,7.37,5.87,-3.0,44.0,23.5,0.0,8.590099,6.304296,0,1,0,0,0,1
1,9/13,Cameron Artis-Payne,RB,CAR,JAC,3500,0,5500,0,19,177,51,4.84,4.12,5.8,5.3,2.6,2.1,2.74,2.44,3.99,3.69,2.75,2.6,0.31,0.26,-3.0,41.0,22.0,0.0,8.590099,7.949524,,,,,,
1,9/13,Cole Beasley,WR,DAL,NYG,3400,0,5000,0,27,156,63,6.85,5.52,3.4,2.4,6.52,5.2,7.38,5.83,8.2,6.6,8.65,7.1,7.44,5.94,-5.5,51.5,28.5,0.0,7.912195,6.304296,4,4,7,2,2,11
1,9/13,Josh Hill,TE,NO,ARI,3400,0,5200,0,10,206,31,4.41,3.57,9.7,7.7,4.95,3.84,5.19,4.09,8.28,6.58,5.72,4.62,6.91,5.51,2.5,47.0,22.25,0.0,7.912195,6.94631,2,3,4,1,2,6
1,9/13,Coby Fleener,TE,IND,BUF,3400,0,5100,0,2,165,20,6.2,5.0,7.4,5.9,8.14,6.74,6.88,5.58,8.28,6.88,7.0,5.8,7.44,6.09,-2.5,46.0,24.25,0.0,7.912195,6.684091,7,3,6,4,4,8
1,9/13,Toby Gerhart,RB,JAC,CAR,3400,0,5000,0,12,196,58,3.92,3.4,,,2.61,2.61,3.53,2.93,0.0,0.0,,,3.37,2.77,3.0,41.0,19.0,0.0,7.912195,6.304296,2,5,7,0,4,10
1,9/13,Delanie Walker,TE,TEN,TB,3400,0,5400,0,24,120,7,9.05,7.47,9.4,7.4,12.42,9.92,11.48,9.53,10.31,8.46,10.58,8.53,7.37,6.02,3.0,42.0,19.5,0.0,7.912195,6.90929,6,7,2,2,5,8
1,9/13,Austin Seferian-Jenkins,TE,TB,TEN,3400,0,4700,0,32,154,18,7.16,5.73,4.9,3.9,7.0,5.42,7.13,5.58,7.55,6.0,7.67,6.22,7.47,5.92,-3.0,42.0,22.5,0.0,7.912195,5.037592,3,1,5,0,3,6
1,9/13,Dwayne Allen,TE,IND,BUF,3400,0,5400,0,2,132,10,7.55,6.32,5.7,4.7,8.53,7.33,8.4,7.15,8.99,7.39,5.97,4.82,7.06,5.96,-2.5,46.0,24.25,0.0,7.912195,6.90929,6,3,1,1,6,3
1,9/13,Owen Daniels,TE,DEN,BAL,3400,0,5500,0,7,126,8,8.78,7.14,11.8,9.3,10.44,8.34,7.98,6.38,7.74,6.19,8.66,7.06,6.99,5.79,-4.5,49.0,26.75,0.0,7.912195,7.949524,5,4,6,1,4,10
1,9/13,Jordan Reed,TE,WSH,MIA,3300,0,5000,0,9,128,9,10.14,7.73,9.0,7.0,11.02,8.19,9.24,7.09,10.14,8.29,9.2,7.25,8.48,6.48,3.5,43.0,19.75,0.0,9.296875,6.304296,3,2,6,1,2,8
1,9/13,Tavon Austin,WR,STL,SEA,3300,0,4700,0,3,234,96,4.2,3.08,2.1,2.1,3.53,2.52,6.07,4.92,3.91,3.36,5.83,4.83,4.6,3.45,3.5,41.5,19.0,0.0,9.296875,5.037592,4,4,7,0,3,12
1,9/14,Jerick McKinnon,RB,MIN,SF,3300,0,5700,0,14,184,53,4.62,3.89,3.8,3.8,3.6,3.1,4.98,4.33,4.53,3.93,4.8,4.1,5.57,4.87,-2.5,41.5,22.0,0.0,9.296875,8.476047,3,5,3,1,3,7
1,9/13,Mohamed Sanu,WR,CIN,OAK,3300,0,5200,0,22,179,72,5.65,4.54,2.6,2.1,8.81,7.21,5.64,4.54,8.8,7.35,5.41,4.51,7.11,5.81,-3.0,44.0,23.5,0.0,9.296875,6.94631,7,1,8,2,6,8
1,9/14,Darren Sproles,RB,PHI,ATL,3300,0,5800,0,28,135,36,7.75,6.41,7.1,5.6,6.73,5.67,8.37,6.82,7.29,6.14,7.83,6.43,11.0,9.35,-2.5,54.5,28.5,0.0,9.296875,7.574026,4,4,6,1,6,7
1,9/13,Kamar Aiken,WR,BAL,DEN,3300,0,4600,0,6,148,62,7.24,5.91,12.1,9.6,,,8.02,6.47,8.75,7.15,7.3,5.8,8.24,6.94,4.5,49.0,22.25,0.0,9.296875,4.529577,3,1,6,1,2,7
1,9/13,Brian Hartline,WR,CLE,NYJ,3300,0,4500,0,17,118,48,9.48,7.75,4.0,3.0,7.45,6.01,8.22,6.52,8.62,6.82,7.3,6.0,7.39,6.09,2.5,40.0,18.75,0.0,9.296875,4.211482,5,4,4,0,5,8
1,9/10,Heath Miller,TE,PIT,NE,3300,0,5500,0,8,144,13,8.23,6.42,7.2,5.7,10.48,8.22,11.6,9.45,8.52,6.77,12.13,9.83,10.5,8.3,3.0,48.5,22.75,0.0,9.296875,7.949524,5,6,5,2,5,9
1,9/13,Chris Johnson,RB,ARI,NO,3200,0,4500,0,30,177,51,4.83,4.17,2.2,2.2,5.01,4.73,4.96,4.36,1.7,1.55,5.96,5.56,6.53,5.88,-2.5,47.0,24.75,0.0,7.998108,4.211482,3,5,8,0,5,11
1,9/13,Larry Donnell,TE,NYG,DAL,3200,0,5300,0,26,150,15,8.66,6.46,5.3,4.3,9.12,7.26,8.12,6.07,9.09,7.24,10.56,8.71,7.0,5.15,5.5,51.5,23.0,0.0,7.998108,7.653158,5,6,4,2,4,9
1,9/14,Vernon Davis,TE,SF,MIN,3100,0,5300,0,23,149,14,7.23,5.86,8.9,7.4,6.93,5.74,7.38,5.93,5.79,4.74,7.71,6.31,6.31,5.26,2.5,41.5,19.5,0.0,9.139483,7.653158,1,2,9,0,1,11
1,9/13,Ka'Deem Carey,RB,CHI,GB,3000,0,5300,0,20,174,50,4.98,4.26,,,,,2.13,1.78,0.0,0.0,,,0.22,0.22,6.5,50.0,21.75,0.0,5.242558,7.653158,0,2,7,0,1,8
1,9/13,Jerricho Cotchery,WR,CAR,JAC,3000,0,4600,0,19,130,55,8.49,6.85,,,7.8,6.13,6.3,5.0,5.68,4.88,6.3,4.8,7.82,6.32,-3.0,41.0,22.0,0.0,5.242558,4.529577,3,8,4,0,4,11
1,9/13,Lance Dunbar,RB,DAL,NYG,3000,0,5000,0,27,191,57,4.15,3.57,5.6,4.6,,,5.87,4.97,1.25,1.2,7.04,5.89,6.96,6.31,-5.5,51.5,28.5,0.0,5.242558,6.304296,0,3,10,0,0,13
1,9/13,Devin Smith,WR,NYJ,CLE,3000,0,4800,0,13,205,82,4.24,3.48,,,,,4.52,3.77,0.0,0.0,,,,,-2.5,40.0,21.25,0.0,5.242558,5.273817,,,,,,
1,9/13,Jason Avant,WR,KC,HOU,3000,0,4600,0,1,227,93,3.84,3.02,2.3,1.8,2.49,1.89,3.93,3.13,0.4,3.6,1.33,1.03,4.61,3.56,1.0,40.5,19.75,0.0,5.242558,4.529577,3,3,9,1,1,13
1,9/13,Jeremy Kerley,WR,NYJ,CLE,3000,0,4500,0,13,180,73,5.39,4.4,1.9,1.4,4.99,3.99,4.27,3.47,6.83,5.58,5.09,4.09,3.47,2.82,-2.5,40.0,21.25,0.0,5.242558,4.211482,2,6,6,1,3,10
1,9/13,Josh Robinson,RB,IND,BUF,3000,0,4600,0,2,222,65,3.51,2.9,4.2,0.0,,,5.05,4.3,3.8,3.65,5.66,4.96,6.29,5.29,-2.5,46.0,24.25,0.0,5.242558,4.529577,,,,,,
1,9/13,Donte Moncrief,WR,IND,BUF,3000,0,4800,0,2,200,79,4.37,3.58,8.2,6.7,6.33,5.33,4.16,3.41,9.97,8.07,3.79,3.14,5.28,4.28,-2.5,46.0,24.25,0.0,5.242558,5.273817,3,1,8,2,1,9
1,9/14,Josh Huff,WR,PHI,ATL,3000,0,4500,0,28,185,74,4.95,4.11,9.5,7.5,,,4.07,2.97,0.1,0.5,2.0,1.5,4.51,3.41,-2.5,54.5,28.5,0.0,5.242558,4.211482,0,2,6,0,0,8
1,9/13,Albert Wilson,WR,KC,HOU,3000,0,4500,0,1,217,86,3.95,3.21,2.7,2.2,5.2,4.2,4.97,4.02,2.29,1.94,6.63,5.38,4.8,3.95,1.0,40.5,19.75,0.0,5.242558,4.211482,3,1,2,0,3,3
1,9/10,Brandon Bolden,RB,NE,PIT,3000,0,6500,0,25,111,32,7.54,6.93,7.4,7.4,2.88,2.54,7.01,6.36,8.53,7.43,8.07,7.62,4.11,3.81,-3.0,48.5,25.75,0.0,5.242558,10.722889,0,1,7,0,1,7
1,9/10,Sammie Coates,WR,PIT,NE,3000,0,5100,0,8,220,89,3.79,3.08,6.8,5.3,3.9,2.9,1.76,1.36,0.0,0.0,,,0.26,0.21,3.0,48.5,22.75,0.0,5.242558,6.684091,,,,,,
1,9/13,Ricardo Lockette,WR,SEA,STL,3000,0,4600,0,4,204,81,4.12,3.43,1.9,1.4,5.03,4.34,2.35,2.0,0.67,0.57,0.77,0.62,0.24,0.19,-3.5,41.5,22.5,0.0,5.242558,4.529577,2,1,6,0,2,7
1,9/13,Harry Douglas,WR,TEN,TB,3000,0,4600,0,24,193,76,5.31,4.11,1.9,1.4,,,7.13,5.63,9.07,7.72,8.18,6.63,5.35,4.3,3.0,42.0,19.5,0.0,5.242558,4.529577,3,7,2,2,2,8
1,9/14,Riley Cooper,WR,PHI,ATL,3000,0,4900,0,28,201,80,4.76,3.79,1.9,1.4,5.57,4.22,4.69,3.64,7.34,6.24,4.63,3.93,6.2,5.05,-2.5,54.5,28.5,0.0,5.242558,6.198661,4,6,6,1,3,12
1,9/13,Andre Holmes,WR,OAK,CIN,3000,0,5200,0,11,185,74,5.03,4.13,,,,,4.4,3.6,9.32,7.57,4.1,3.4,6.68,5.73,3.0,44.0,20.5,0.0,5.242558,6.94631,6,2,6,2,3,9
1,9/13,Louis Murphy,WR,TB,TEN,3000,0,5000,0,32,234,96,3.71,2.91,,,4.72,3.72,5.19,4.19,6.37,5.22,5.41,4.56,6.7,5.45,-3.0,42.0,22.5,0.0,5.242558,6.304296,3,1,5,0,2,7
1,9/13,Taylor Gabriel,WR,CLE,NYJ,3000,0,4500,0,17,170,69,5.73,4.7,,,5.58,4.58,5.64,4.64,9.89,8.24,3.51,2.91,7.68,6.33,2.5,40.0,18.75,0.0,5.242558,4.211482,5,2,8,1,4,10
1,9/13,Chris Polk,RB,HOU,KC,3000,0,4900,0,18,199,60,3.65,3.23,3.1,2.6,4.06,3.94,3.33,2.93,5.45,5.25,3.46,3.21,6.45,5.75,-1.0,40.5,20.75,0.0,5.242558,6.198661,3,2,3,0,3,5
1,9/13,Christine Michael,RB,DAL,NYG,3000,0,4500,0,27,216,64,2.9,2.69,4.6,4.6,,,1.74,1.64,0.0,0.0,,,0.17,0.17,-5.5,51.5,28.5,0.0,5.242558,4.211482,0,1,9,0,1,9
1,9/13,Corey Fuller,WR,DET,SD,3000,0,4500,0,21,230,94,3.15,2.66,,,,,3.46,2.66,4.94,3.99,3.3,2.8,4.84,3.74,2.5,46.0,21.75,0.0,5.242558,4.211482,1,2,4,0,1,6
1,9/13,Benny Cunningham,RB,STL,SEA,3000,0,5100,0,3,95,28,10.87,9.03,5.8,4.3,6.79,5.29,11.04,9.14,5.83,4.73,8.12,6.77,13.59,11.14,3.5,41.5,19.0,0.0,5.242558,6.684091,7,3,6,1,6,9
1,9/13,Ronnie Hillman,RB,DEN,BAL,3000,0,5400,0,7,161,46,5.48,4.74,10.1,8.6,5.99,5.11,5.4,4.7,6.98,6.23,6.47,5.87,6.06,5.31,-4.5,49.0,26.75,0.0,5.242558,6.90929,4,1,3,2,2,4
1,9/13,Bilal Powell,RB,NYJ,CLE,3000,0,5200,0,13,187,55,4.65,3.91,,,2.31,2.31,4.63,3.83,0.04,0.04,7.05,5.95,4.7,4.05,-2.5,40.0,21.25,0.0,5.242558,6.94631,0,3,10,0,1,12
1,9/13,Andre Williams,RB,NYG,DAL,3000,0,5500,0,26,211,62,4.05,3.28,5.2,5.2,5.4,4.4,3.84,3.39,1.93,1.73,4.94,4.64,5.66,5.21,5.5,51.5,23.0,0.0,5.242558,7.949524,7,2,7,1,7,8
1,9/13,Ty Montgomery,WR,GB,CHI,3000,0,5000,0,29,214,85,4.02,3.3,6.0,5.0,5.3,4.3,4.05,3.35,4.73,3.93,4.33,3.58,5.66,4.76,-6.5,50.0,28.25,0.0,5.242558,6.304296,,,,,,
1,9/13,Jason Avant,WR,KC,HOU,3000,0,4600,0,1,227,93,3.84,3.02,2.3,1.8,2.49,1.89,3.93,3.13,0.4,3.6,1.33,1.03,4.61,3.56,1.0,40.5,19.75,0.0,5.242558,4.529577,3,3,9,1,1,13
1,9/13,Brandon Tate,WR,CIN,OAK,3000,0,4600,0,22,232,95,3.47,2.8,,,,,3.48,2.73,2.97,2.47,0.22,0.17,3.38,2.63,-3.0,44.0,23.5,0.0,5.242558,4.529577,1,3,6,0,1,9
1,9/13,Chris Matthews,WR,SEA,STL,3000,0,4500,0,4,210,84,4.17,3.36,,,,,2.06,1.61,4.1,3.5,2.2,1.7,6.45,5.45,-3.5,41.5,22.5,0.0,5.242558,4.211482,,,,,,
1,9/13,Ryan Grant,WR,WSH,MIA,3000,0,4500,0,9,221,90,3.88,3.11,,,,,1.86,1.46,0.3,2.8,0.49,0.39,0.27,0.22,3.5,43.0,19.75,0.0,5.242558,4.211482,1,0,2,0,1,2
1,9/14,Justin Hardy,WR,ATL,PHI,3000,0,4900,0,5,208,83,4.27,3.47,2.1,1.6,,,2.59,1.99,8.01,6.46,2.6,2.1,0.0,0.0,2.5,54.5,26.0,0.0,5.242558,6.198661,,,,,,
1,9/13,Stedman Bailey,WR,STL,SEA,3000,0,5000,0,3,163,66,5.92,4.93,6.5,5.5,6.41,5.19,4.66,3.76,5.26,4.41,2.5,2.0,6.12,4.87,3.5,41.5,19.0,0.0,5.242558,6.304296,3,4,4,1,2,8
1,9/13,Nate Washington,WR,HOU,KC,3000,0,4500,0,18,195,77,4.41,3.66,,,5.79,4.4,6.6,5.35,8.18,6.88,8.97,7.42,5.98,4.88,-1.0,40.5,20.75,0.0,5.242558,4.211482,7,2,5,0,7,7
1,9/13,Roy Helu,RB,OAK,CIN,3000,0,5600,0,11,229,66,3.3,2.78,6.5,5.5,6.84,5.78,5.67,4.72,7.96,6.61,6.55,5.45,8.46,7.01,3.0,44.0,20.5,0.0,5.242558,8.013239,6,5,2,0,6,7
1,9/13,Denard Robinson,RB,JAC,CAR,3000,0,5800,0,12,157,45,5.66,4.9,8.8,7.3,6.92,5.8,5.81,4.86,8.23,7.13,7.92,6.72,6.69,5.84,3.0,41.0,19.0,0.0,5.242558,7.574026,4,3,6,1,3,9
1,9/13,Duke Johnson,RB,CLE,NYJ,3000,0,5800,0,17,186,54,4.81,4.01,4.0,3.5,,,5.92,5.12,6.81,6.06,10.07,8.72,6.36,5.66,2.5,40.0,18.75,0.0,5.242558,7.574026,,,,,,
1,9/10,Darrius Heyward-Bey,WR,PIT,NE,3000,0,4500,0,8,223,91,5.2,3.72,,,6.0,4.2,5.08,3.83,3.21,2.66,6.12,5.07,3.72,2.82,3.0,48.5,22.75,0.0,5.242558,4.211482,0,0,3,0,0,3
1,9/13,Marlon Brown,WR,BAL,DEN,3000,0,4500,0,6,195,77,4.72,3.81,5.1,4.1,5.76,4.26,5.03,4.08,8.31,6.71,5.0,4.0,4.36,3.41,4.5,49.0,22.25,0.0,5.242558,4.211482,1,4,6,0,1,10
1,9/14,Jarius Wright,WR,MIN,SF,3000,0,5300,0,14,159,64,6.07,5.04,2.2,1.7,5.7,4.7,6.51,5.21,5.1,4.25,4.57,3.57,7.5,6.25,-2.5,41.5,22.0,0.0,5.242558,7.653158,3,8,2,2,2,9
1,9/13,Brandon Coleman,WR,NO,ARI,3000,0,4500,0,10,147,61,7.47,6.03,10.1,8.1,4.85,4.03,9.32,7.52,8.97,7.37,9.47,8.02,9.45,7.7,2.5,47.0,22.25,0.0,5.242558,4.211482,,,,,,
1,9/13,Khiry Robinson,RB,NO,ARI,3000,0,5000,0,10,162,47,6.12,5.02,,,,,6.03,5.08,0.6,4.2,5.1,4.65,8.36,7.21,2.5,47.0,22.25,0.0,5.242558,6.304296,2,3,4,1,3,5
1,9/13,Jeff Janis,WR,GB,CHI,3000,0,4500,0,29,176,71,5.63,4.58,5.5,4.5,7.67,6.02,4.28,3.48,0.9,0.7,0.76,0.61,2.95,2.45,-6.5,50.0,28.25,0.0,5.242558,4.211482,0,0,1,0,0,1
1,9/10,Scott Chandler,TE,NE,PIT,2900,0,5100,0,25,212,33,4.01,3.26,,,4.19,3.25,5.14,4.09,4.77,3.97,5.09,4.19,5.68,4.68,-3.0,48.5,25.75,0.0,6.962264,6.684091,5,4,5,0,6,8
1,9/13,Eric Ebron,TE,DET,SD,2900,0,5000,0,21,178,25,5.78,4.62,7.8,6.3,6.3,4.9,6.04,4.79,6.53,5.23,7.59,6.09,5.48,4.28,2.5,46.0,21.75,0.0,6.962264,6.304296,1,5,4,0,1,9
1,9/13,Jared Cook,TE,STL,SEA,2900,0,5200,0,3,175,24,6.15,4.85,4.7,3.7,8.48,6.78,7.23,5.63,6.13,4.83,7.78,6.28,7.87,6.27,3.5,41.5,19.0,0.0,6.962264,6.94631,4,7,4,2,2,11
1,9/13,Maxx Williams,TE,BAL,DEN,2700,0,4800,0,6,233,39,3.74,2.93,2.4,1.9,4.1,3.1,3.63,2.88,4.18,3.33,3.79,3.04,4.73,3.83,4.5,49.0,22.25,0.0,6.804878,5.273817,,,,,,
1,9/13,Mychal Rivera,TE,OAK,CIN,2700,0,5100,0,11,171,22,6.1,4.88,7.0,5.5,7.76,6.21,6.95,5.55,8.78,6.93,7.68,6.18,7.58,6.23,3.0,44.0,20.5,0.0,6.804878,6.684091,4,5,6,2,2,11
1,9/13,Benjamin Watson,TE,NO,ARI,2600,0,4600,0,10,188,28,6.72,4.92,,,6.32,4.82,6.57,5.07,3.38,2.73,7.01,5.66,6.31,4.91,2.5,47.0,22.25,0.0,6.388889,4.529577,1,2,11,0,3,11
1,9/14,Jacob Tamme,TE,ATL,PHI,2600,0,4900,0,5,226,36,4.58,3.43,2.0,1.5,6.31,4.68,5.74,4.34,5.56,4.36,7.48,5.98,5.48,4.38,2.5,54.5,26.0,0.0,6.388889,6.198661,1,2,7,0,2,8
1,9/13,Dion Sims,TE,MIA,WSH,2500,0,4800,0,31,235,40,3.34,2.72,,,,,3.84,3.09,3.06,2.46,3.51,2.81,4.81,3.81,-3.5,43.0,23.25,0.0,7.041667,5.273817,2,4,5,0,3,8
1,9/13,Daniel Fells,TE,NYG,DAL,2500,0,4500,0,26,225,35,3.47,2.89,1.7,1.2,3.56,2.96,3.71,2.86,2.12,1.77,2.73,2.23,4.65,3.55,5.5,51.5,23.0,0.0,7.041667,4.211482,2,4,4,0,3,7
1,9/13,Jeff Cumberland,TE,NYJ,CLE,2500,0,4900,0,13,182,27,5.93,4.62,4.6,3.6,6.5,5.22,6.19,4.99,6.02,4.62,6.34,5.19,5.83,5.08,-2.5,40.0,21.25,0.0,7.041667,6.198661,3,2,5,0,4,6
1,9/10,Matt Spaeth,TE,PIT,NE,2500,0,4500,0,8,231,38,3.29,2.73,2.1,1.6,,,3.41,2.76,0.1,0.6,0.6,0.45,6.55,5.3,3.0,48.5,22.75,0.0,7.041667,4.211482,1,0,1,0,1,1
1,9/13,Richard Rodgers,TE,GB,CHI,2500,0,4900,0,29,158,19,6.33,5.18,7.5,7.0,4.07,3.57,7.25,6.1,3.67,3.02,6.94,5.74,4.88,3.98,-6.5,50.0,28.25,0.0,7.041667,6.198661,3,2,4,0,2,7
1,9/13,Gary Barnidge,TE,CLE,NYJ,2500,0,4500,0,17,188,28,5.44,4.32,,,5.14,4.04,3.94,3.14,1.29,0.94,1.58,1.23,4.12,3.32,2.5,40.0,18.75,0.0,7.041667,4.211482,0,2,5,0,0,7
1,9/13,Garrett Graham,TE,HOU,KC,2500,0,4800,0,18,152,16,6.97,5.67,4.2,3.2,5.92,4.42,5.55,4.35,6.37,4.97,4.4,3.5,5.62,4.62,-1.0,40.5,20.75,0.0,7.041667,5.273817,2,2,3,0,1,6
1,9/13,Luke Willson,TE,SEA,STL,2500,0,4700,0,4,203,30,4.03,3.42,2.1,1.6,,,4.02,3.42,2.66,2.16,2.1,1.75,5.29,4.49,-3.5,41.5,22.5,0.0,7.041667,5.037592,2,3,6,1,1,9
1,9/13,Gavin Escobar,TE,DAL,NYG,2500,0,4500,0,27,207,32,3.59,3.15,3.0,2.5,3.06,2.5,3.97,3.37,2.77,2.27,3.46,2.96,5.6,4.75,-5.5,51.5,28.5,0.0,7.041667,4.211482,1,2,4,1,0,6
1,9/14,Brent Celek,TE,PHI,ATL,2500,0,4500,0,28,173,23,6.16,4.88,2.6,2.1,4.65,3.57,6.19,4.74,5.83,4.68,5.89,4.79,6.23,5.08,-2.5,54.5,28.5,0.0,7.041667,4.211482,2,4,6,1,1,10
1,9/13,Troy Niklas,TE,ARI,NO,2500,0,5000,0,30,192,29,4.96,3.97,,,,,2.37,1.92,0.5,4.8,1.64,1.39,0.2,0.15,-2.5,47.0,24.75,0.0,7.041667,6.304296,0,0,3,0,0,3
1,9/13,Andrew Quarless,TE,GB,CHI,2500,0,5200,0,29,150,15,6.92,5.67,5.0,4.0,5.63,4.57,4.4,3.5,6.21,5.01,2.89,2.34,4.95,4.05,-6.5,50.0,28.25,0.0,7.041667,6.94631,3,4,7,0,3,11
1,9/13,Clay Harbor,TE,JAC,CAR,2500,0,4500,0,12,213,34,4.5,3.51,,,,,4.55,3.6,3.89,3.09,3.44,2.79,6.79,5.49,3.0,41.0,19.0,0.0,7.041667,4.211482,2,3,2,1,1,5
1,9/13,Crockett Gillmore,TE,BAL,DEN,2500,0,4700,0,6,228,37,3.55,2.87,4.8,3.8,6.58,5.08,6.03,4.88,4.76,3.71,8.18,6.68,7.29,5.89,4.5,49.0,22.25,0.0,7.041667,5.037592,0,2,5,0,0,7
1,9/13,Philly Brown,WR,CAR,JAC,0,0,4500,0,19,197,78,4.31,3.59,12.2,0.0,5.66,4.73,6.88,5.48,8.73,7.18,7.54,6.34,7.59,6.14,-3.0,41.0,22.0,0.0,4.653793,4.211482,4,3,4,0,5,6
1,9/13,James Jones,WR,GB,CHI,0,0,0,0,29,131,56,8.59,6.86,8.4,6.9,2.8,2.3,8.04,6.39,8.58,7.33,8.54,7.19,8.63,6.93,-6.5,50.0,28.25,0.0,4.653793,3.452286,4,6,6,2,5,9
